date,brand,views,carts,purchases,revenue,is_black_friday,ventana_corrupta
2019-10-01,apple,114701,4717.0,4018.0,3100410.0,0,0
2019-10-01,artel,3499,101.0,77.0,15084.0,0,0
2019-10-01,casio,9848,0.0,68.0,4222.0,0,0
2019-10-01,haier,1872,0.0,44.0,12565.0,0,0
2019-10-01,huawei,32481,950.0,694.0,158738.0,0,0
2019-10-01,lg,4149,63.0,76.0,36960.0,0,0
2019-10-01,nokia,5350,42.0,49.0,3460.0,0,0
2019-10-01,oppo,9955,302.0,208.0,44087.0,0,0
2019-10-01,samsung,116873,5583.0,4138.0,1167766.0,0,0
2019-10-01,sony,6065,34.0,46.0,9706.0,0,0
2019-10-01,vivo,4917,19.0,66.0,17307.0,0,0
2019-10-01,xiaomi,65401,1633.0,1164.0,214337.0,0,0
2019-10-02,apple,111473,4845.0,4000.0,3044826.0,0,0
2019-10-02,artel,3580,105.0,93.0,17520.0,0,0
2019-10-02,casio,9328,0.0,91.0,5569.0,0,0
2019-10-02,haier,1823,0.0,48.0,15532.0,0,0
2019-10-02,huawei,32766,1012.0,686.0,135729.0,0,0
2019-10-02,lg,4001,57.0,77.0,36053.0,0,0
2019-10-02,nokia,5082,75.0,66.0,5566.0,0,0
2019-10-02,oppo,9929,368.0,241.0,55367.0,0,0
2019-10-02,samsung,119208,5714.0,4335.0,1192683.0,0,0
2019-10-02,sony,5771,19.0,47.0,16309.0,0,0
2019-10-02,vivo,3569,47.0,67.0,15816.0,0,0
2019-10-02,xiaomi,66189,1716.0,1154.0,210738.0,0,0
2019-10-03,apple,110724,5371.0,3976.0,3037407.0,0,0
2019-10-03,artel,3117,105.0,77.0,15372.0,0,0
2019-10-03,casio,8225,0.0,101.0,7953.0,0,0
2019-10-03,haier,1753,1.0,43.0,10747.0,0,0
2019-10-03,huawei,32528,1081.0,689.0,140517.0,0,0
2019-10-03,lg,3613,78.0,70.0,31677.0,0,0
2019-10-03,nokia,5142,98.0,72.0,4315.0,0,0
2019-10-03,oppo,9885,424.0,271.0,63559.0,0,0
2019-10-03,samsung,117065,6428.0,4301.0,1168203.0,0,0
2019-10-03,sony,5583,37.0,62.0,24364.0,0,0
2019-10-03,vivo,2670,40.0,50.0,11672.0,0,0
2019-10-03,xiaomi,63977,1751.0,1143.0,209898.0,0,0
2019-10-04,apple,138839,10390.0,5380.0,4106628.0,0,0
2019-10-04,artel,5218,265.0,119.0,24919.0,0,0
2019-10-04,casio,8097,0.0,77.0,7739.0,0,0
2019-10-04,haier,1982,1.0,48.0,11953.0,0,0
2019-10-04,huawei,35763,1830.0,880.0,203881.0,0,0
2019-10-04,lg,5756,286.0,124.0,66563.0,0,0
2019-10-04,nokia,5094,127.0,77.0,5092.0,0,0
2019-10-04,oppo,11210,876.0,383.0,85075.0,0,0
2019-10-04,samsung,139764,12548.0,5768.0,1555044.0,0,0
2019-10-04,sony,6945,183.0,83.0,27560.0,0,0
2019-10-04,vivo,4806,316.0,133.0,31683.0,0,0
2019-10-04,xiaomi,75446,3651.0,1560.0,281116.0,0,0
2019-10-05,apple,124972,8343.0,4466.0,3441546.0,0,0
2019-10-05,artel,4307,223.0,92.0,17293.0,0,0
2019-10-05,casio,8222,0.0,78.0,5163.0,0,0
2019-10-05,haier,1954,0.0,48.0,12894.0,0,0
2019-10-05,huawei,32875,1738.0,788.0,169660.0,0,0
2019-10-05,lg,5133,190.0,96.0,42822.0,0,0
2019-10-05,nokia,4626,114.0,63.0,5594.0,0,0
2019-10-05,oppo,10596,838.0,383.0,88190.0,0,0
2019-10-05,samsung,125047,9797.0,4847.0,1316019.0,0,0
2019-10-05,sony,6749,124.0,71.0,18376.0,0,0
2019-10-05,vivo,4222,293.0,139.0,32302.0,0,0
2019-10-05,xiaomi,70169,3103.0,1456.0,265332.0,0,0
2019-10-06,apple,124388,7140.0,4095.0,3047877.0,0,0
2019-10-06,artel,4409,208.0,83.0,15022.0,0,0
2019-10-06,casio,8838,0.0,104.0,7735.0,0,0
2019-10-06,haier,1976,1.0,58.0,16389.0,0,0
2019-10-06,huawei,33051,1620.0,755.0,161278.0,0,0
2019-10-06,lg,4838,185.0,69.0,33525.0,0,0
2019-10-06,nokia,4966,141.0,73.0,6654.0,0,0
2019-10-06,oppo,10065,651.0,289.0,63831.0,0,0
2019-10-06,samsung,124131,9495.0,4751.0,1292371.0,0,0
2019-10-06,sony,6134,127.0,78.0,24891.0,0,0
2019-10-06,vivo,3816,256.0,125.0,29122.0,0,0
2019-10-06,xiaomi,70380,2963.0,1414.0,251475.0,0,0
2019-10-07,apple,106487,4442.0,3889.0,2896953.0,0,0
2019-10-07,artel,3796,144.0,109.0,19487.0,0,0
2019-10-07,casio,8361,0.0,83.0,6852.0,0,0
2019-10-07,haier,1645,0.0,43.0,10339.0,0,0
2019-10-07,huawei,30522,938.0,705.0,145356.0,0,0
2019-10-07,lg,3950,44.0,61.0,29329.0,0,0
2019-10-07,nokia,5007,74.0,64.0,4874.0,0,0
2019-10-07,oppo,9430,339.0,242.0,53600.0,0,0
2019-10-07,samsung,112766,6281.0,4585.0,1228141.0,0,0
2019-10-07,sony,5461,29.0,69.0,21828.0,0,0
2019-10-07,vivo,3363,60.0,65.0,16065.0,0,0
2019-10-07,xiaomi,67689,1837.0,1291.0,240505.0,0,0
2019-10-08,apple,105835,4498.0,4140.0,3231449.0,0,0
2019-10-08,artel,3967,112.0,88.0,15511.0,0,0
2019-10-08,casio,9507,5.0,107.0,9490.0,0,0
2019-10-08,haier,1855,0.0,38.0,9556.0,0,0
2019-10-08,huawei,30970,957.0,653.0,136425.0,0,0
2019-10-08,lg,3840,47.0,57.0,28145.0,0,0
2019-10-08,nokia,4992,73.0,77.0,5945.0,0,0
2019-10-08,oppo,9903,434.0,254.0,54731.0,0,0
2019-10-08,samsung,116313,6121.0,4744.0,1276527.0,0,0
2019-10-08,sony,5905,28.0,72.0,24969.0,0,0
2019-10-08,vivo,2945,40.0,57.0,14632.0,0,0
2019-10-08,xiaomi,66883,1849.0,1263.0,237118.0,0,0
2019-10-09,apple,106941,4478.0,4209.0,3297622.0,0,0
2019-10-09,artel,3826,108.0,66.0,13453.0,0,0
2019-10-09,casio,8622,0.0,86.0,7918.0,0,0
2019-10-09,haier,1994,0.0,49.0,13186.0,0,0
2019-10-09,huawei,31204,1027.0,691.0,142405.0,0,0
2019-10-09,lg,4347,44.0,57.0,22608.0,0,0
2019-10-09,nokia,5294,69.0,66.0,4231.0,0,0
2019-10-09,oppo,10098,363.0,260.0,57158.0,0,0
2019-10-09,samsung,118995,6064.0,4728.0,1283788.0,0,0
2019-10-09,sony,6046,35.0,53.0,16622.0,0,0
2019-10-09,vivo,3179,42.0,45.0,12312.0,0,0
2019-10-09,xiaomi,70197,1844.0,1249.0,235097.0,0,0
2019-10-10,apple,109853,4783.0,4116.0,3224440.0,0,0
2019-10-10,artel,3868,106.0,85.0,14471.0,0,0
2019-10-10,casio,8329,0.0,81.0,6237.0,0,0
2019-10-10,haier,1768,0.0,33.0,11457.0,0,0
2019-10-10,huawei,31561,1016.0,686.0,147556.0,0,0
2019-10-10,lg,4040,55.0,76.0,32465.0,0,0
2019-10-10,nokia,5261,64.0,68.0,4224.0,0,0
2019-10-10,oppo,10003,333.0,273.0,61275.0,0,0
2019-10-10,samsung,126713,6240.0,4536.0,1180651.0,0,0
2019-10-10,sony,5909,33.0,55.0,20928.0,0,0
2019-10-10,vivo,2860,35.0,51.0,12822.0,0,0
2019-10-10,xiaomi,70898,2056.0,1315.0,247899.0,0,0
2019-10-11,apple,122604,5157.0,4635.0,3622940.0,0,0
2019-10-11,artel,5013,185.0,91.0,17596.0,0,0
2019-10-11,casio,9613,0.0,101.0,7334.0,0,0
2019-10-11,haier,2155,0.0,40.0,9628.0,0,0
2019-10-11,huawei,32668,1127.0,770.0,161720.0,0,0
2019-10-11,lg,5205,61.0,96.0,53246.0,0,0
2019-10-11,nokia,5499,65.0,71.0,3648.0,0,0
2019-10-11,oppo,11170,419.0,331.0,70008.0,0,0
2019-10-11,samsung,134760,7082.0,4925.0,1324666.0,0,0
2019-10-11,sony,6526,47.0,72.0,19403.0,0,0
2019-10-11,vivo,3280,42.0,65.0,15443.0,0,0
2019-10-11,xiaomi,76675,2258.0,1583.0,298689.0,0,0
2019-10-12,apple,116911,4145.0,4210.0,3288476.0,0,0
2019-10-12,artel,5192,207.0,125.0,24208.0,0,0
2019-10-12,casio,8720,1.0,74.0,5680.0,0,0
2019-10-12,haier,2361,0.0,40.0,11683.0,0,0
2019-10-12,huawei,33417,1071.0,713.0,154120.0,0,0
2019-10-12,lg,4617,86.0,76.0,41306.0,0,0
2019-10-12,nokia,5382,82.0,69.0,4776.0,0,0
2019-10-12,oppo,12140,448.0,311.0,68485.0,0,0
2019-10-12,samsung,127478,7122.0,4841.0,1343120.0,0,0
2019-10-12,sony,6885,59.0,90.0,26028.0,0,0
2019-10-12,vivo,3491,44.0,53.0,13006.0,0,0
2019-10-12,xiaomi,80070,2350.0,1543.0,291890.0,0,0
2019-10-13,apple,129854,5157.0,4717.0,3680443.0,0,0
2019-10-13,artel,5821,277.0,161.0,27921.0,0,0
2019-10-13,casio,10300,0.0,99.0,6902.0,0,0
2019-10-13,haier,2438,13.0,44.0,13499.0,0,0
2019-10-13,huawei,36637,1375.0,896.0,184719.0,0,0
2019-10-13,lg,4913,145.0,99.0,49358.0,0,0
2019-10-13,nokia,5716,99.0,102.0,7173.0,0,0
2019-10-13,oppo,12939,422.0,309.0,68487.0,0,0
2019-10-13,samsung,139080,7935.0,5370.0,1534292.0,0,0
2019-10-13,sony,6964,52.0,80.0,26193.0,0,0
2019-10-13,vivo,3830,71.0,79.0,17412.0,0,0
2019-10-13,xiaomi,87253,2611.0,1787.0,332731.0,0,0
2019-10-14,apple,132037,8914.0,5890.0,4636471.0,0,0
2019-10-14,artel,4517,119.0,96.0,21790.0,0,0
2019-10-14,casio,8348,11.0,83.0,6692.0,0,0
2019-10-14,haier,3646,215.0,73.0,17972.0,0,0
2019-10-14,huawei,36375,1813.0,957.0,199945.0,0,0
2019-10-14,lg,6011,179.0,108.0,52632.0,0,0
2019-10-14,nokia,5487,158.0,73.0,4967.0,0,0
2019-10-14,oppo,12417,734.0,395.0,94046.0,0,0
2019-10-14,samsung,145705,11853.0,6514.0,1763820.0,0,0
2019-10-14,sony,7403,173.0,81.0,33726.0,0,0
2019-10-14,vivo,3888,136.0,71.0,15816.0,0,0
2019-10-14,xiaomi,87248,3478.0,1734.0,329231.0,0,0
2019-10-15,apple,136839,9941.0,5298.0,4200952.0,0,0
2019-10-15,artel,4799,134.0,78.0,15510.0,0,0
2019-10-15,casio,7557,7.0,86.0,5914.0,0,0
2019-10-15,haier,5019,353.0,118.0,30023.0,0,0
2019-10-15,huawei,38105,1950.0,900.0,200154.0,0,0
2019-10-15,lg,6695,225.0,96.0,43683.0,0,0
2019-10-15,nokia,5962,202.0,74.0,4536.0,0,0
2019-10-15,oppo,13853,853.0,378.0,81742.0,0,0
2019-10-15,samsung,156329,13195.0,6070.0,1705204.0,0,0
2019-10-15,sony,7967,233.0,64.0,17677.0,0,0
2019-10-15,vivo,3515,134.0,63.0,14851.0,0,0
2019-10-15,xiaomi,88471,3652.0,1542.0,292228.0,0,0
2019-10-16,apple,135943,8796.0,6178.0,4600585.0,0,0
2019-10-16,artel,5010,124.0,109.0,19498.0,0,0
2019-10-16,casio,9414,2.0,151.0,11129.0,0,0
2019-10-16,haier,3982,252.0,94.0,25638.0,0,0
2019-10-16,huawei,36187,1682.0,981.0,201268.0,0,0
2019-10-16,lg,6607,169.0,94.0,50360.0,0,0
2019-10-16,nokia,5959,194.0,108.0,6795.0,0,0
2019-10-16,oppo,16962,654.0,417.0,91962.0,0,0
2019-10-16,samsung,152061,13154.0,7481.0,1955492.0,0,0
2019-10-16,sony,7764,182.0,86.0,27969.0,0,0
2019-10-16,vivo,3358,125.0,83.0,19574.0,0,0
2019-10-16,xiaomi,86268,3287.0,1876.0,347132.0,0,0
2019-10-17,apple,125641,8358.0,5741.0,4392272.0,0,0
2019-10-17,artel,4848,140.0,111.0,21641.0,0,0
2019-10-17,casio,8675,5.0,115.0,8250.0,0,0
2019-10-17,haier,3475,224.0,89.0,21961.0,0,0
2019-10-17,huawei,34542,1530.0,861.0,188317.0,0,0
2019-10-17,lg,6326,140.0,97.0,46109.0,0,0
2019-10-17,nokia,5481,140.0,82.0,5608.0,0,0
2019-10-17,oppo,18383,777.0,380.0,91460.0,0,0
2019-10-17,samsung,138354,11211.0,6289.0,1676071.0,0,0
2019-10-17,sony,7033,153.0,80.0,27238.0,0,0
2019-10-17,vivo,3271,112.0,67.0,18076.0,0,0
2019-10-17,xiaomi,83403,3065.0,1784.0,335615.0,0,0
2019-10-18,apple,122319,8269.0,4983.0,3909664.0,0,0
2019-10-18,artel,4839,170.0,96.0,16888.0,0,0
2019-10-18,casio,7964,1.0,98.0,7408.0,0,0
2019-10-18,haier,3323,273.0,96.0,25004.0,0,0
2019-10-18,huawei,34418,1316.0,697.0,143118.0,0,0
2019-10-18,lg,5941,180.0,100.0,56269.0,0,0
2019-10-18,nokia,4959,152.0,73.0,6628.0,0,0
2019-10-18,oppo,21441,881.0,417.0,89402.0,0,0
2019-10-18,samsung,144729,11191.0,5885.0,1606447.0,0,0
2019-10-18,sony,6581,134.0,70.0,24535.0,0,0
2019-10-18,vivo,3886,134.0,64.0,17175.0,0,0
2019-10-18,xiaomi,82596,2919.0,1529.0,286846.0,0,0
2019-10-19,apple,125787,7959.0,4580.0,3612025.0,0,0
2019-10-19,artel,4912,176.0,91.0,17576.0,0,0
2019-10-19,casio,8761,1.0,86.0,6096.0,0,0
2019-10-19,haier,3311,195.0,84.0,20678.0,0,0
2019-10-19,huawei,34642,1553.0,755.0,158400.0,0,0
2019-10-19,lg,5786,152.0,80.0,36518.0,0,0
2019-10-19,nokia,5544,200.0,75.0,4655.0,0,0
2019-10-19,oppo,21454,1030.0,467.0,102572.0,0,0
2019-10-19,samsung,144223,10764.0,5426.0,1405205.0,0,0
2019-10-19,sony,7081,138.0,78.0,38288.0,0,0
2019-10-19,vivo,4047,129.0,73.0,17338.0,0,0
2019-10-19,xiaomi,85089,2959.0,1442.0,268312.0,0,0
2019-10-20,apple,132427,8449.0,4595.0,3555959.0,0,0
2019-10-20,artel,5034,126.0,95.0,17202.0,0,0
2019-10-20,casio,8834,1.0,79.0,5617.0,0,0
2019-10-20,haier,3563,237.0,100.0,25931.0,0,0
2019-10-20,huawei,35683,1500.0,822.0,168583.0,0,0
2019-10-20,lg,6353,194.0,102.0,57007.0,0,0
2019-10-20,nokia,5962,164.0,62.0,5448.0,0,0
2019-10-20,oppo,21531,935.0,472.0,100119.0,0,0
2019-10-20,samsung,149515,10733.0,5326.0,1371142.0,0,0
2019-10-20,sony,7118,150.0,88.0,29403.0,0,0
2019-10-20,vivo,4046,103.0,68.0,16262.0,0,0
2019-10-20,xiaomi,87217,2933.0,1396.0,261400.0,0,0
2019-10-21,apple,119430,7792.0,5009.0,3900744.0,0,0
2019-10-21,artel,4557,119.0,101.0,18717.0,0,0
2019-10-21,casio,8224,7.0,85.0,6252.0,0,0
2019-10-21,haier,3845,225.0,74.0,19453.0,0,0
2019-10-21,huawei,32205,1251.0,697.0,145366.0,0,0
2019-10-21,lg,5128,165.0,89.0,52095.0,0,0
2019-10-21,nokia,5227,116.0,65.0,5658.0,0,0
2019-10-21,oppo,18192,811.0,407.0,86412.0,0,0
2019-10-21,samsung,137265,9971.0,5433.0,1434639.0,0,0
2019-10-21,sony,6246,123.0,69.0,26270.0,0,0
2019-10-21,vivo,3124,75.0,69.0,15951.0,0,0
2019-10-21,xiaomi,80600,2708.0,1454.0,269895.0,0,0
2019-10-22,apple,117627,7847.0,5038.0,3900664.0,0,0
2019-10-22,artel,5055,130.0,110.0,23730.0,0,0
2019-10-22,casio,7932,2.0,89.0,6795.0,0,0
2019-10-22,haier,3815,215.0,72.0,20499.0,0,0
2019-10-22,huawei,32622,1390.0,747.0,150739.0,0,0
2019-10-22,lg,5976,160.0,99.0,51629.0,0,0
2019-10-22,nokia,5506,127.0,61.0,4813.0,0,0
2019-10-22,oppo,16596,721.0,369.0,90756.0,0,0
2019-10-22,samsung,137358,10038.0,5526.0,1476134.0,0,0
2019-10-22,sony,6598,117.0,74.0,26051.0,0,0
2019-10-22,vivo,2899,75.0,39.0,9896.0,0,0
2019-10-22,xiaomi,82350,2753.0,1505.0,280734.0,0,0
2019-10-23,apple,115986,7437.0,4737.0,3622810.0,0,0
2019-10-23,artel,4587,104.0,116.0,22028.0,0,0
2019-10-23,casio,7258,1.0,78.0,5515.0,0,0
2019-10-23,haier,3751,233.0,78.0,23861.0,0,0
2019-10-23,huawei,30692,1383.0,684.0,150652.0,0,0
2019-10-23,lg,5430,178.0,98.0,42389.0,0,0
2019-10-23,nokia,5835,145.0,81.0,6348.0,0,0
2019-10-23,oppo,15901,694.0,375.0,89336.0,0,0
2019-10-23,samsung,135190,10168.0,5418.0,1450769.0,0,0
2019-10-23,sony,6693,152.0,88.0,28044.0,0,0
2019-10-23,vivo,2992,79.0,46.0,11621.0,0,0
2019-10-23,xiaomi,80281,2525.0,1471.0,264045.0,0,0
2019-10-24,apple,112985,7138.0,4546.0,3538023.0,0,0
2019-10-24,artel,4558,91.0,97.0,17670.0,0,0
2019-10-24,casio,6343,1.0,76.0,4921.0,0,0
2019-10-24,haier,3715,180.0,58.0,16248.0,0,0
2019-10-24,huawei,31218,1306.0,670.0,134241.0,0,0
2019-10-24,lg,5579,181.0,111.0,58602.0,0,0
2019-10-24,nokia,5700,132.0,75.0,7074.0,0,0
2019-10-24,oppo,15422,685.0,335.0,81200.0,0,0
2019-10-24,samsung,134217,10248.0,5440.0,1484089.0,0,0
2019-10-24,sony,6648,135.0,75.0,20197.0,0,0
2019-10-24,vivo,3320,81.0,61.0,16408.0,0,0
2019-10-24,xiaomi,78410,2535.0,1508.0,283902.0,0,0
2019-10-25,apple,111892,7189.0,4291.0,3274521.0,0,0
2019-10-25,artel,4489,114.0,96.0,16695.0,0,0
2019-10-25,casio,6188,4.0,69.0,4918.0,0,0
2019-10-25,haier,4061,252.0,84.0,21898.0,0,0
2019-10-25,huawei,33595,1470.0,729.0,150138.0,0,0
2019-10-25,lg,6475,214.0,118.0,54543.0,0,0
2019-10-25,nokia,6089,147.0,76.0,6240.0,0,0
2019-10-25,oppo,18732,934.0,420.0,98553.0,0,0
2019-10-25,samsung,141852,10241.0,5249.0,1395080.0,0,0
2019-10-25,sony,7141,113.0,66.0,29769.0,0,0
2019-10-25,vivo,3566,102.0,52.0,13267.0,0,0
2019-10-25,xiaomi,83498,2632.0,1449.0,271553.0,0,0
2019-10-26,apple,108873,6634.0,4079.0,3096172.0,0,0
2019-10-26,artel,4471,76.0,82.0,15962.0,0,0
2019-10-26,casio,6849,1.0,79.0,5891.0,0,0
2019-10-26,haier,3768,200.0,62.0,15724.0,0,0
2019-10-26,huawei,33965,1571.0,757.0,158114.0,0,0
2019-10-26,lg,6281,174.0,87.0,41191.0,0,0
2019-10-26,nokia,5910,134.0,69.0,4915.0,0,0
2019-10-26,oppo,19956,992.0,566.0,107991.0,0,0
2019-10-26,samsung,134880,9563.0,5077.0,1366243.0,0,0
2019-10-26,sony,7092,129.0,77.0,30023.0,0,0
2019-10-26,vivo,3890,100.0,59.0,15338.0,0,0
2019-10-26,xiaomi,81083,2498.0,1377.0,256435.0,0,0
2019-10-27,apple,114978,6543.0,4315.0,3281232.0,0,0
2019-10-27,artel,5032,106.0,103.0,21362.0,0,0
2019-10-27,casio,6652,2.0,70.0,5319.0,0,0
2019-10-27,haier,3655,193.0,66.0,18473.0,0,0
2019-10-27,huawei,34797,1521.0,798.0,172382.0,0,0
2019-10-27,lg,6550,186.0,92.0,46156.0,0,0
2019-10-27,nokia,6287,171.0,76.0,6637.0,0,0
2019-10-27,oppo,20409,987.0,503.0,93750.0,0,0
2019-10-27,samsung,136656,9421.0,5149.0,1413148.0,0,0
2019-10-27,sony,7434,118.0,63.0,18513.0,0,0
2019-10-27,vivo,4229,119.0,68.0,16125.0,0,0
2019-10-27,xiaomi,83166,2634.0,1428.0,265902.0,0,0
2019-10-28,apple,97697,4291.0,4099.0,3185888.0,0,0
2019-10-28,artel,4484,103.0,85.0,16033.0,0,0
2019-10-28,casio,6438,0.0,80.0,5842.0,0,0
2019-10-28,haier,2378,1.0,52.0,13681.0,0,0
2019-10-28,huawei,31291,834.0,668.0,130573.0,0,0
2019-10-28,lg,5267,66.0,57.0,25708.0,0,0
2019-10-28,nokia,5611,95.0,41.0,2838.0,0,0
2019-10-28,oppo,17365,557.0,312.0,65778.0,0,0
2019-10-28,samsung,118146,6246.0,4616.0,1266337.0,0,0
2019-10-28,sony,6284,36.0,56.0,15161.0,0,0
2019-10-28,vivo,2880,26.0,45.0,10488.0,0,0
2019-10-28,xiaomi,78505,1845.0,1357.0,254664.0,0,0
2019-10-29,apple,98265,4165.0,4013.0,3134384.0,0,0
2019-10-29,artel,4801,112.0,88.0,16121.0,0,0
2019-10-29,casio,6382,0.0,84.0,6574.0,0,0
2019-10-29,haier,2238,0.0,48.0,11849.0,0,0
2019-10-29,huawei,30542,906.0,652.0,124425.0,0,0
2019-10-29,lg,4982,80.0,93.0,40835.0,0,0
2019-10-29,nokia,5576,97.0,77.0,6203.0,0,0
2019-10-29,oppo,15309,423.0,290.0,67927.0,0,0
2019-10-29,samsung,116474,5690.0,4302.0,1179704.0,0,0
2019-10-29,sony,5959,29.0,54.0,16975.0,0,0
2019-10-29,vivo,2854,21.0,32.0,8777.0,0,0
2019-10-29,xiaomi,75146,1808.0,1301.0,246164.0,0,0
2019-10-30,apple,100655,4384.0,4110.0,3270996.0,0,0
2019-10-30,artel,5119,160.0,120.0,22522.0,0,0
2019-10-30,casio,5887,0.0,46.0,3373.0,0,0
2019-10-30,haier,2256,0.0,52.0,14593.0,0,0
2019-10-30,huawei,28665,871.0,655.0,131346.0,0,0
2019-10-30,lg,4789,69.0,71.0,33376.0,0,0
2019-10-30,nokia,5232,81.0,68.0,4826.0,0,0
2019-10-30,oppo,15167,447.0,301.0,72721.0,0,0
2019-10-30,samsung,116280,5394.0,4293.0,1199438.0,0,0
2019-10-30,sony,5945,30.0,56.0,18629.0,0,0
2019-10-30,vivo,2639,27.0,27.0,6924.0,0,0
2019-10-30,xiaomi,74793,1851.0,1404.0,262507.0,0,0
2019-10-31,apple,106941,4631.0,4026.0,3237882.0,0,0
2019-10-31,artel,5179,129.0,113.0,20780.0,0,0
2019-10-31,casio,7119,0.0,56.0,3968.0,0,0
2019-10-31,haier,2100,0.0,46.0,11787.0,0,0
2019-10-31,huawei,28810,723.0,582.0,119555.0,0,0
2019-10-31,lg,5269,81.0,74.0,34953.0,0,0
2019-10-31,nokia,5265,70.0,65.0,4588.0,0,0
2019-10-31,oppo,15006,493.0,328.0,72455.0,0,0
2019-10-31,samsung,116866,5370.0,4240.0,1176477.0,0,0
2019-10-31,sony,6319,38.0,50.0,16223.0,0,0
2019-10-31,vivo,2819,32.0,43.0,12200.0,0,0
2019-10-31,xiaomi,74309,1666.0,1281.0,239636.0,0,0
2019-11-01,apple,128508,5079.0,4422.0,3401854.0,0,0
2019-11-01,artel,6126,116.0,101.0,21152.0,0,0
2019-11-01,casio,8009,0.0,99.0,6748.0,0,0
2019-11-01,haier,2594,2.0,41.0,11055.0,0,0
2019-11-01,huawei,32285,913.0,613.0,125466.0,0,0
2019-11-01,lg,6414,102.0,89.0,39655.0,0,0
2019-11-01,nokia,5670,85.0,60.0,5557.0,0,0
2019-11-01,oppo,19199,448.0,359.0,82128.0,0,0
2019-11-01,samsung,138889,5949.0,4933.0,1293633.0,0,0
2019-11-01,sony,7643,44.0,57.0,22075.0,0,0
2019-11-01,vivo,4072,38.0,44.0,11453.0,0,0
2019-11-01,xiaomi,83263,1789.0,1286.0,240138.0,0,0
2019-11-02,apple,128813,4667.0,3828.0,2937623.0,0,0
2019-11-02,artel,6827,146.0,124.0,24483.0,0,0
2019-11-02,casio,8570,1.0,79.0,5320.0,0,0
2019-11-02,haier,2713,1.0,54.0,14871.0,0,0
2019-11-02,huawei,34247,969.0,578.0,117885.0,0,0
2019-11-02,lg,7729,84.0,82.0,43238.0,0,0
2019-11-02,nokia,5790,82.0,61.0,4398.0,0,0
2019-11-02,oppo,20503,452.0,321.0,72272.0,0,0
2019-11-02,samsung,148540,6320.0,4795.0,1291867.0,0,0
2019-11-02,sony,8094,54.0,58.0,18584.0,0,0
2019-11-02,vivo,4347,52.0,67.0,15776.0,0,0
2019-11-02,xiaomi,91278,2002.0,1314.0,243081.0,0,0
2019-11-03,apple,138600,5165.0,4131.0,3147636.0,0,0
2019-11-03,artel,7607,157.0,133.0,27783.0,0,0
2019-11-03,casio,7924,0.0,90.0,7118.0,0,0
2019-11-03,haier,3162,2.0,56.0,15682.0,0,0
2019-11-03,huawei,33645,978.0,599.0,120426.0,0,0
2019-11-03,lg,7972,84.0,63.0,31599.0,0,0
2019-11-03,nokia,6209,94.0,66.0,5123.0,0,0
2019-11-03,oppo,20004,537.0,376.0,89404.0,0,0
2019-11-03,samsung,147682,6397.0,4996.0,1335497.0,0,0
2019-11-03,sony,8818,48.0,60.0,15659.0,0,0
2019-11-03,vivo,4349,48.0,42.0,10861.0,0,0
2019-11-03,xiaomi,89168,1886.0,1249.0,239455.0,0,0
2019-11-04,apple,171645,6184.0,5482.0,4115765.0,0,0
2019-11-04,artel,8282,155.0,130.0,22937.0,0,0
2019-11-04,casio,9579,0.0,99.0,7768.0,0,0
2019-11-04,haier,3367,0.0,43.0,11621.0,0,0
2019-11-04,huawei,36190,1000.0,690.0,138902.0,0,0
2019-11-04,lg,8680,116.0,94.0,41334.0,0,0
2019-11-04,nokia,6325,102.0,80.0,5609.0,0,0
2019-11-04,oppo,19589,470.0,365.0,88218.0,0,0
2019-11-04,samsung,161220,6534.0,5090.0,1376967.0,0,0
2019-11-04,sony,9045,63.0,74.0,24799.0,0,0
2019-11-04,vivo,3552,19.0,32.0,8802.0,0,0
2019-11-04,xiaomi,93238,1775.0,1499.0,269844.0,0,0
2019-11-05,apple,148710,5180.0,4613.0,3582146.0,0,0
2019-11-05,artel,7812,151.0,139.0,27847.0,0,0
2019-11-05,casio,9314,0.0,107.0,7614.0,0,0
2019-11-05,haier,3208,0.0,58.0,15353.0,0,0
2019-11-05,huawei,35170,820.0,619.0,120912.0,0,0
2019-11-05,lg,7946,70.0,80.0,42702.0,0,0
2019-11-05,nokia,6614,84.0,81.0,8237.0,0,0
2019-11-05,oppo,19347,467.0,379.0,89068.0,0,0
2019-11-05,samsung,150662,6035.0,4797.0,1293064.0,0,0
2019-11-05,sony,8267,52.0,76.0,24423.0,0,0
2019-11-05,vivo,3273,23.0,26.0,7001.0,0,0
2019-11-05,xiaomi,90658,1801.0,1256.0,226375.0,0,0
2019-11-06,apple,143073,5087.0,4632.0,3573908.0,0,0
2019-11-06,artel,7839,158.0,155.0,29497.0,0,0
2019-11-06,casio,9097,0.0,84.0,7485.0,0,0
2019-11-06,haier,3334,1.0,68.0,19471.0,0,0
2019-11-06,huawei,34492,910.0,627.0,122517.0,0,0
2019-11-06,lg,8046,90.0,84.0,42892.0,0,0
2019-11-06,nokia,6594,71.0,59.0,5313.0,0,0
2019-11-06,oppo,19484,446.0,409.0,97996.0,0,0
2019-11-06,samsung,151388,6310.0,5102.0,1415676.0,0,0
2019-11-06,sony,8423,64.0,87.0,25816.0,0,0
2019-11-06,vivo,3623,35.0,32.0,8982.0,0,0
2019-11-06,xiaomi,91470,1802.0,1355.0,238862.0,0,0
2019-11-07,apple,143373,4912.0,4382.0,3392644.0,0,0
2019-11-07,artel,8568,163.0,145.0,26480.0,0,0
2019-11-07,casio,10419,0.0,88.0,6494.0,0,0
2019-11-07,haier,3548,6.0,58.0,17343.0,0,0
2019-11-07,huawei,36447,839.0,623.0,131462.0,0,0
2019-11-07,lg,8075,96.0,104.0,48540.0,0,0
2019-11-07,nokia,6914,70.0,79.0,7642.0,0,0
2019-11-07,oppo,20514,415.0,343.0,83634.0,0,0
2019-11-07,samsung,163738,6300.0,4777.0,1260722.0,0,0
2019-11-07,sony,8628,50.0,61.0,17921.0,0,0
2019-11-07,vivo,3685,32.0,34.0,9665.0,0,0
2019-11-07,xiaomi,97234,1896.0,1358.0,237639.0,0,0
2019-11-08,apple,149480,10756.0,4716.0,3599684.0,0,0
2019-11-08,artel,8745,460.0,180.0,37049.0,0,0
2019-11-08,casio,9804,266.0,95.0,7511.0,0,0
2019-11-08,haier,3673,157.0,71.0,17794.0,0,0
2019-11-08,huawei,37691,1835.0,691.0,146442.0,0,0
2019-11-08,lg,9433,300.0,97.0,50285.0,0,0
2019-11-08,nokia,6390,237.0,67.0,7266.0,0,0
2019-11-08,oppo,22712,1007.0,416.0,91812.0,0,0
2019-11-08,samsung,175983,13655.0,5623.0,1555247.0,0,0
2019-11-08,sony,9804,251.0,73.0,25225.0,0,0
2019-11-08,vivo,4622,142.0,58.0,17708.0,0,0
2019-11-08,xiaomi,103989,4733.0,1426.0,251104.0,0,0
2019-11-09,apple,143738,8972.0,3838.0,2946217.0,0,0
2019-11-09,artel,8065,397.0,152.0,30814.0,0,0
2019-11-09,casio,9709,235.0,86.0,6528.0,0,0
2019-11-09,haier,3587,157.0,70.0,19322.0,0,0
2019-11-09,huawei,38596,1666.0,658.0,141371.0,0,0
2019-11-09,lg,9582,258.0,89.0,42528.0,0,0
2019-11-09,nokia,6702,223.0,63.0,5079.0,0,0
2019-11-09,oppo,23076,989.0,419.0,95665.0,0,0
2019-11-09,samsung,171254,11986.0,5044.0,1366769.0,0,0
2019-11-09,sony,9673,243.0,71.0,33078.0,0,0
2019-11-09,vivo,4883,138.0,57.0,20681.0,0,0
2019-11-09,xiaomi,106316,4426.0,1288.0,238187.0,0,0
2019-11-10,apple,148838,8854.0,3912.0,3036861.0,0,0
2019-11-10,artel,8118,417.0,108.0,23134.0,0,0
2019-11-10,casio,9795,257.0,92.0,6815.0,0,0
2019-11-10,haier,3385,115.0,59.0,16073.0,0,0
2019-11-10,huawei,39063,1531.0,600.0,126495.0,0,0
2019-11-10,lg,10181,277.0,106.0,49124.0,0,0
2019-11-10,nokia,7371,214.0,74.0,7408.0,0,0
2019-11-10,oppo,24876,1012.0,407.0,90074.0,0,0
2019-11-10,samsung,178470,11735.0,4742.0,1303605.0,0,0
2019-11-10,sony,10009,245.0,76.0,30027.0,0,0
2019-11-10,vivo,5208,142.0,66.0,16575.0,0,0
2019-11-10,xiaomi,109491,4916.0,1300.0,230388.0,0,0
2019-11-11,apple,153020,9811.0,4373.0,3366234.0,0,0
2019-11-11,artel,8197,384.0,122.0,25125.0,0,0
2019-11-11,casio,10240,277.0,79.0,6411.0,0,0
2019-11-11,haier,3628,128.0,62.0,16561.0,0,0
2019-11-11,huawei,39111,1678.0,635.0,130640.0,0,0
2019-11-11,lg,9766,269.0,106.0,51496.0,0,0
2019-11-11,nokia,7110,264.0,78.0,6121.0,0,0
2019-11-11,oppo,23822,993.0,440.0,103075.0,0,0
2019-11-11,samsung,177731,12318.0,5125.0,1379475.0,0,0
2019-11-11,sony,9404,183.0,62.0,23864.0,0,0
2019-11-11,vivo,4396,85.0,30.0,10000.0,0,0
2019-11-11,xiaomi,113187,4812.0,1458.0,273834.0,0,0
2019-11-12,apple,153961,9282.0,4050.0,3162744.0,0,0
2019-11-12,artel,8374,449.0,139.0,28222.0,0,0
2019-11-12,casio,10665,288.0,92.0,6308.0,0,0
2019-11-12,haier,3657,147.0,65.0,14609.0,0,0
2019-11-12,huawei,38646,1605.0,571.0,114696.0,0,0
2019-11-12,lg,10527,257.0,104.0,50118.0,0,0
2019-11-12,nokia,7095,180.0,65.0,4671.0,0,0
2019-11-12,oppo,24532,908.0,397.0,94012.0,0,0
2019-11-12,samsung,177186,12125.0,4969.0,1334552.0,0,0
2019-11-12,sony,9967,185.0,55.0,14900.0,0,0
2019-11-12,vivo,3925,95.0,34.0,10704.0,0,0
2019-11-12,xiaomi,110554,4437.0,1245.0,222600.0,0,0
2019-11-13,apple,164013,10297.0,4264.0,3227442.0,0,0
2019-11-13,artel,8698,488.0,189.0,41048.0,0,0
2019-11-13,casio,10130,281.0,78.0,5310.0,0,0
2019-11-13,haier,3679,156.0,60.0,16684.0,0,0
2019-11-13,huawei,39799,1537.0,501.0,106584.0,0,0
2019-11-13,lg,10978,295.0,84.0,37717.0,0,0
2019-11-13,nokia,7450,216.0,74.0,6992.0,0,0
2019-11-13,oppo,25459,990.0,399.0,90560.0,0,0
2019-11-13,samsung,182004,12409.0,4976.0,1311852.0,0,0
2019-11-13,sony,10331,227.0,59.0,18139.0,0,0
2019-11-13,vivo,4584,119.0,54.0,15455.0,0,0
2019-11-13,xiaomi,116262,4900.0,1378.0,247315.0,0,0
2019-11-14,apple,306470,38571.0,4250.0,3366229.0,0,1
2019-11-14,artel,13209,958.0,149.0,30812.0,0,1
2019-11-14,casio,13975,474.0,87.0,6136.0,0,1
2019-11-14,haier,5656,264.0,42.0,10865.0,0,1
2019-11-14,huawei,54729,3113.0,559.0,108625.0,0,1
2019-11-14,lg,20245,928.0,90.0,45918.0,0,1
2019-11-14,nokia,9095,334.0,58.0,4936.0,0,1
2019-11-14,oppo,35171,2057.0,475.0,105691.0,0,1
2019-11-14,samsung,276911,24962.0,5020.0,1333720.0,0,1
2019-11-14,sony,15390,538.0,51.0,13992.0,0,1
2019-11-14,vivo,6868,263.0,28.0,8428.0,0,1
2019-11-14,xiaomi,169732,12097.0,1286.0,233089.0,0,1
2019-11-15,apple,490628,82269.0,0.0,0.0,0,1
2019-11-15,artel,27813,2822.0,0.0,0.0,0,1
2019-11-15,casio,24383,1228.0,0.0,0.0,0,1
2019-11-15,haier,13783,1314.0,0.0,0.0,0,1
2019-11-15,huawei,94758,10082.0,0.0,0.0,0,1
2019-11-15,lg,45518,3542.0,0.0,0.0,0,1
2019-11-15,nokia,13562,880.0,0.0,0.0,0,1
2019-11-15,oppo,60403,6780.0,0.0,0.0,0,1
2019-11-15,samsung,536822,77126.0,0.0,0.0,0,1
2019-11-15,sony,27171,1709.0,0.0,0.0,0,1
2019-11-15,vivo,11232,958.0,0.0,0.0,0,1
2019-11-15,xiaomi,297983,34947.0,0.0,0.0,0,1
2019-11-16,apple,529869,68706.0,14117.0,10769811.0,0,1
2019-11-16,artel,28485,2417.0,369.0,71491.0,0,1
2019-11-16,casio,34664,1360.0,231.0,19661.0,0,1
2019-11-16,haier,13083,1016.0,212.0,55663.0,0,1
2019-11-16,huawei,95736,7919.0,1552.0,329915.0,0,1
2019-11-16,lg,43129,2922.0,499.0,266858.0,0,1
2019-11-16,nokia,15771,819.0,111.0,12151.0,0,1
2019-11-16,oppo,60729,5705.0,1079.0,253010.0,0,1
2019-11-16,samsung,497597,59964.0,11352.0,3522823.0,0,1
2019-11-16,sony,27392,1350.0,238.0,101450.0,0,1
2019-11-16,vivo,10734,692.0,151.0,43871.0,0,1
2019-11-16,xiaomi,264796,25248.0,4007.0,822331.0,0,1
2019-11-17,apple,446566,60430.0,31736.0,23807835.0,0,1
2019-11-17,artel,27430,2623.0,1012.0,202820.0,0,1
2019-11-17,casio,37798,1679.0,819.0,71140.0,0,1
2019-11-17,haier,12891,1161.0,618.0,168053.0,0,1
2019-11-17,huawei,94312,9331.0,4198.0,903853.0,0,1
2019-11-17,lg,40423,3061.0,1337.0,705908.0,0,1
2019-11-17,nokia,15885,910.0,370.0,35775.0,0,1
2019-11-17,oppo,56659,6289.0,2964.0,683820.0,0,1
2019-11-17,samsung,473300,62283.0,28339.0,8729266.0,0,1
2019-11-17,sony,26164,1448.0,639.0,296417.0,0,1
2019-11-17,vivo,9660,792.0,394.0,107200.0,0,1
2019-11-17,xiaomi,242109,24492.0,10236.0,2039461.0,0,1
2019-11-18,apple,168374,12035.0,5433.0,4026379.0,0,0
2019-11-18,artel,8311,474.0,159.0,32180.0,0,0
2019-11-18,casio,11325,287.0,110.0,6598.0,0,0
2019-11-18,haier,3739,142.0,73.0,18236.0,0,0
2019-11-18,huawei,40828,2117.0,764.0,150370.0,0,0
2019-11-18,lg,9162,270.0,102.0,51980.0,0,0
2019-11-18,nokia,8327,271.0,113.0,8685.0,0,0
2019-11-18,oppo,24139,1278.0,535.0,128460.0,0,0
2019-11-18,samsung,177931,14837.0,6239.0,1603491.0,0,0
2019-11-18,sony,9810,210.0,65.0,20236.0,0,0
2019-11-18,vivo,4605,98.0,42.0,13075.0,0,0
2019-11-18,xiaomi,109052,5417.0,1675.0,285272.0,0,0
2019-11-19,apple,136996,9748.0,4493.0,3460519.0,0,0
2019-11-19,artel,7015,406.0,136.0,26935.0,0,0
2019-11-19,casio,9897,208.0,80.0,5960.0,0,0
2019-11-19,haier,2858,120.0,63.0,17101.0,0,0
2019-11-19,huawei,34243,1759.0,695.0,132907.0,0,0
2019-11-19,lg,7784,249.0,81.0,36153.0,0,0
2019-11-19,nokia,7367,239.0,84.0,7237.0,0,0
2019-11-19,oppo,20656,1052.0,423.0,97973.0,0,0
2019-11-19,samsung,153853,13138.0,5545.0,1473817.0,0,0
2019-11-19,sony,8599,180.0,45.0,12626.0,0,0
2019-11-19,vivo,3764,85.0,27.0,8906.0,0,0
2019-11-19,xiaomi,98920,5093.0,1758.0,300161.0,0,0
2019-11-20,apple,127666,9132.0,4213.0,3292753.0,0,0
2019-11-20,artel,6722,357.0,131.0,25790.0,0,0
2019-11-20,casio,9856,317.0,124.0,8808.0,0,0
2019-11-20,haier,2925,136.0,76.0,19497.0,0,0
2019-11-20,huawei,33298,1681.0,654.0,123238.0,0,0
2019-11-20,lg,7129,238.0,96.0,48215.0,0,0
2019-11-20,nokia,7494,243.0,86.0,6097.0,0,0
2019-11-20,oppo,19693,946.0,400.0,92600.0,0,0
2019-11-20,samsung,148219,12612.0,5415.0,1415396.0,0,0
2019-11-20,sony,7999,208.0,77.0,23503.0,0,0
2019-11-20,vivo,4124,114.0,47.0,15829.0,0,0
2019-11-20,xiaomi,96887,4935.0,1648.0,292473.0,0,0
2019-11-21,apple,120224,8837.0,4067.0,3160323.0,0,0
2019-11-21,artel,5953,338.0,121.0,25644.0,0,0
2019-11-21,casio,9981,276.0,102.0,8893.0,0,0
2019-11-21,haier,2630,130.0,65.0,15268.0,0,0
2019-11-21,huawei,33354,1758.0,663.0,131720.0,0,0
2019-11-21,lg,6894,254.0,82.0,40513.0,0,0
2019-11-21,nokia,7551,263.0,81.0,6288.0,0,0
2019-11-21,oppo,18436,957.0,440.0,101631.0,0,0
2019-11-21,samsung,143150,12429.0,5315.0,1449628.0,0,0
2019-11-21,sony,7936,218.0,58.0,21844.0,0,0
2019-11-21,vivo,4023,110.0,35.0,11634.0,0,0
2019-11-21,xiaomi,94365,4708.0,1665.0,288169.0,0,0
2019-11-22,apple,113277,8884.0,4095.0,3221719.0,0,0
2019-11-22,artel,5700,296.0,100.0,20520.0,0,0
2019-11-22,casio,7881,229.0,64.0,4172.0,0,0
2019-11-22,haier,2652,118.0,58.0,15300.0,0,0
2019-11-22,huawei,33101,1632.0,623.0,128904.0,0,0
2019-11-22,lg,6708,262.0,96.0,39232.0,0,0
2019-11-22,nokia,7966,240.0,79.0,6644.0,0,0
2019-11-22,oppo,19968,1014.0,453.0,97837.0,0,0
2019-11-22,samsung,141308,12517.0,5296.0,1413651.0,0,0
2019-11-22,sony,7623,158.0,46.0,18864.0,0,0
2019-11-22,vivo,4475,155.0,63.0,14310.0,0,0
2019-11-22,xiaomi,93137,4829.0,1588.0,279285.0,0,0
2019-11-23,apple,114529,7901.0,3558.0,2767639.0,0,0
2019-11-23,artel,6256,379.0,134.0,25412.0,0,0
2019-11-23,casio,8664,214.0,72.0,6513.0,0,0
2019-11-23,haier,3006,149.0,71.0,18146.0,0,0
2019-11-23,huawei,35542,1690.0,658.0,125494.0,0,0
2019-11-23,lg,6934,190.0,70.0,36972.0,0,0
2019-11-23,nokia,7791,259.0,85.0,6668.0,0,0
2019-11-23,oppo,20705,1072.0,444.0,98431.0,0,0
2019-11-23,samsung,149413,12217.0,5227.0,1370018.0,0,0
2019-11-23,sony,8243,183.0,60.0,24143.0,0,0
2019-11-23,vivo,4824,181.0,53.0,10539.0,0,0
2019-11-23,xiaomi,95553,4662.0,1513.0,262811.0,0,0
2019-11-24,apple,115300,8160.0,3789.0,2866610.0,0,0
2019-11-24,artel,6266,326.0,104.0,19388.0,0,0
2019-11-24,casio,8507,214.0,76.0,6718.0,0,0
2019-11-24,haier,3180,128.0,61.0,13328.0,0,0
2019-11-24,huawei,37436,1650.0,670.0,136074.0,0,0
2019-11-24,lg,7610,257.0,99.0,46824.0,0,0
2019-11-24,nokia,8166,286.0,94.0,8702.0,0,0
2019-11-24,oppo,20537,993.0,400.0,87133.0,0,0
2019-11-24,samsung,149405,12444.0,5230.0,1391847.0,0,0
2019-11-24,sony,8674,192.0,56.0,21449.0,0,0
2019-11-24,vivo,5067,157.0,82.0,17746.0,0,0
2019-11-24,xiaomi,98700,4913.0,1642.0,290656.0,0,0
2019-11-25,apple,116175,8880.0,4262.0,3317717.0,0,0
2019-11-25,artel,5965,417.0,134.0,24278.0,0,0
2019-11-25,casio,8235,239.0,86.0,6311.0,0,0
2019-11-25,haier,2700,119.0,79.0,23488.0,0,0
2019-11-25,huawei,35357,1659.0,655.0,126697.0,0,0
2019-11-25,lg,7235,232.0,80.0,37400.0,0,0
2019-11-25,nokia,7831,277.0,103.0,9120.0,0,0
2019-11-25,oppo,18150,831.0,351.0,83379.0,0,0
2019-11-25,samsung,145105,12039.0,5210.0,1388813.0,0,0
2019-11-25,sony,8172,182.0,51.0,14419.0,0,0
2019-11-25,vivo,3976,104.0,46.0,11492.0,0,0
2019-11-25,xiaomi,97164,4788.0,1570.0,275611.0,0,0
2019-11-26,apple,122265,9402.0,4155.0,3171220.0,0,0
2019-11-26,artel,6922,374.0,122.0,24783.0,0,0
2019-11-26,casio,9308,243.0,82.0,6552.0,0,0
2019-11-26,haier,2716,159.0,75.0,20422.0,0,0
2019-11-26,huawei,35014,1895.0,699.0,130828.0,0,0
2019-11-26,lg,7677,235.0,81.0,39098.0,0,0
2019-11-26,nokia,7008,306.0,85.0,7274.0,0,0
2019-11-26,oppo,16444,754.0,336.0,80938.0,0,0
2019-11-26,samsung,144838,12676.0,5361.0,1411416.0,0,0
2019-11-26,sony,8422,247.0,72.0,27954.0,0,0
2019-11-26,vivo,3853,95.0,32.0,8918.0,0,0
2019-11-26,xiaomi,95301,5135.0,1574.0,271699.0,0,0
2019-11-27,apple,122312,9473.0,4312.0,3248991.0,0,0
2019-11-27,artel,6868,386.0,94.0,19869.0,0,0
2019-11-27,casio,9198,216.0,89.0,7518.0,0,0
2019-11-27,haier,3146,147.0,61.0,15841.0,0,0
2019-11-27,huawei,33657,1770.0,674.0,128587.0,0,0
2019-11-27,lg,8225,293.0,96.0,50969.0,0,0
2019-11-27,nokia,6783,266.0,96.0,7876.0,0,0
2019-11-27,oppo,16885,873.0,368.0,85096.0,0,0
2019-11-27,samsung,148666,13180.0,5517.0,1517380.0,0,0
2019-11-27,sony,8665,201.0,64.0,20639.0,0,0
2019-11-27,vivo,3514,114.0,43.0,12151.0,0,0
2019-11-27,xiaomi,95199,5064.0,1599.0,287511.0,0,0
2019-11-28,apple,130503,9869.0,4403.0,3301694.0,0,0
2019-11-28,artel,7266,418.0,113.0,22418.0,0,0
2019-11-28,casio,8548,216.0,86.0,5679.0,0,0
2019-11-28,haier,3428,202.0,106.0,27618.0,0,0
2019-11-28,huawei,36902,1695.0,654.0,122688.0,0,0
2019-11-28,lg,8561,310.0,104.0,50212.0,0,0
2019-11-28,nokia,7337,260.0,83.0,6127.0,0,0
2019-11-28,oppo,17931,841.0,382.0,93216.0,0,0
2019-11-28,samsung,151100,12688.0,5387.0,1467774.0,0,0
2019-11-28,sony,8607,246.0,69.0,26259.0,0,0
2019-11-28,vivo,4270,181.0,56.0,14685.0,0,0
2019-11-28,xiaomi,103428,5571.0,1741.0,306695.0,0,0
2019-11-29,apple,156609,13099.0,5891.0,4325205.0,1,0
2019-11-29,artel,7509,446.0,152.0,28887.0,1,0
2019-11-29,casio,8920,267.0,96.0,8089.0,1,0
2019-11-29,haier,4988,343.0,151.0,39815.0,1,0
2019-11-29,huawei,41266,2224.0,873.0,171107.0,1,0
2019-11-29,lg,10711,438.0,147.0,87005.0,1,0
2019-11-29,nokia,7912,346.0,128.0,11478.0,1,0
2019-11-29,oppo,21768,1247.0,516.0,121983.0,1,0
2019-11-29,samsung,176433,16385.0,6938.0,1966041.0,1,0
2019-11-29,sony,11927,462.0,135.0,64767.0,1,0
2019-11-29,vivo,6083,341.0,139.0,32626.0,1,0
2019-11-29,xiaomi,125869,8210.0,2580.0,453970.0,1,0
2019-11-30,apple,136102,10957.0,4771.0,3518337.0,0,0
2019-11-30,artel,7054,404.0,131.0,24653.0,0,0
2019-11-30,casio,9103,292.0,105.0,8815.0,0,0
2019-11-30,haier,4565,266.0,117.0,29489.0,0,0
2019-11-30,huawei,39577,2237.0,799.0,172026.0,0,0
2019-11-30,lg,9297,427.0,150.0,73215.0,0,0
2019-11-30,nokia,7944,292.0,75.0,6750.0,0,0
2019-11-30,oppo,20581,1073.0,484.0,109424.0,0,0
2019-11-30,samsung,165858,14473.0,6271.0,1703063.0,0,0
2019-11-30,sony,10237,380.0,122.0,41782.0,0,0
2019-11-30,vivo,5909,263.0,100.0,21100.0,0,0
2019-11-30,xiaomi,116139,6685.0,2179.0,379123.0,0,0
