date,macro_category,views,carts,purchases,revenue,is_black_friday,ventana_corrupta
2019-10-01,Unknown,395206,1493.0,4109.0,585650.0,0,0
2019-10-01,accessories,7297,8.0,45.0,2259.0,0,0
2019-10-01,apparel,38272,0.0,170.0,13198.0,0,0
2019-10-01,appliances,136204,549.0,1953.0,308791.0,0,0
2019-10-01,auto,30904,159.0,226.0,25754.0,0,0
2019-10-01,computers,68889,157.0,804.0,350519.0,0,0
2019-10-01,construction,23369,138.0,233.0,24768.0,0,0
2019-10-01,country_yard,654,1.0,4.0,584.0,0,0
2019-10-01,electronics,451581,13639.0,11369.0,4896445.0,0,0
2019-10-01,furniture,32875,19.0,204.0,39953.0,0,0
2019-10-01,kids,14922,29.0,145.0,19852.0,0,0
2019-10-01,medicine,437,0.0,11.0,486.0,0,0
2019-10-01,sport,5270,0.0,28.0,7284.0,0,0
2019-10-01,stationery,208,1.0,4.0,37.0,0,0
2019-10-02,Unknown,365598,1388.0,4063.0,569854.0,0,0
2019-10-02,accessories,7224,4.0,43.0,1513.0,0,0
2019-10-02,apparel,33164,0.0,159.0,14362.0,0,0
2019-10-02,appliances,134846,667.0,1910.0,307598.0,0,0
2019-10-02,auto,27929,159.0,214.0,23949.0,0,0
2019-10-02,computers,65781,221.0,722.0,304523.0,0,0
2019-10-02,construction,22407,215.0,243.0,26063.0,0,0
2019-10-02,country_yard,493,0.0,3.0,929.0,0,0
2019-10-02,electronics,446359,14162.0,11664.0,4893218.0,0,0
2019-10-02,furniture,28366,13.0,205.0,38129.0,0,0
2019-10-02,kids,14910,39.0,207.0,24061.0,0,0
2019-10-02,medicine,316,0.0,11.0,453.0,0,0
2019-10-02,sport,5069,3.0,24.0,8971.0,0,0
2019-10-02,stationery,230,0.0,1.0,5.0,0,0
2019-10-03,Unknown,337438,1559.0,4142.0,610165.0,0,0
2019-10-03,accessories,5727,4.0,44.0,1690.0,0,0
2019-10-03,apparel,27951,0.0,127.0,11454.0,0,0
2019-10-03,appliances,125317,716.0,1781.0,311781.0,0,0
2019-10-03,auto,27458,211.0,227.0,24777.0,0,0
2019-10-03,computers,63835,285.0,742.0,318385.0,0,0
2019-10-03,construction,19768,128.0,189.0,25570.0,0,0
2019-10-03,country_yard,410,16.0,4.0,555.0,0,0
2019-10-03,electronics,433172,15750.0,11618.0,4861579.0,0,0
2019-10-03,furniture,26215,10.0,175.0,35659.0,0,0
2019-10-03,kids,14516,22.0,161.0,21026.0,0,0
2019-10-03,medicine,264,0.0,10.0,426.0,0,0
2019-10-03,sport,5095,0.0,33.0,10632.0,0,0
2019-10-03,stationery,148,1.0,2.0,82.0,0,0
2019-10-04,Unknown,415349,4190.0,5931.0,789264.0,0,0
2019-10-04,accessories,5955,23.0,37.0,1551.0,0,0
2019-10-04,apparel,27348,0.0,130.0,10079.0,0,0
2019-10-04,appliances,178954,3911.0,2901.0,548284.0,0,0
2019-10-04,auto,50671,505.0,641.0,73194.0,0,0
2019-10-04,computers,81846,2190.0,1144.0,508589.0,0,0
2019-10-04,construction,19659,185.0,205.0,25078.0,0,0
2019-10-04,country_yard,381,2.0,2.0,249.0,0,0
2019-10-04,electronics,517661,31530.0,15612.0,6588859.0,0,0
2019-10-04,furniture,25722,10.0,191.0,36762.0,0,0
2019-10-04,kids,15209,83.0,199.0,28920.0,0,0
2019-10-04,medicine,319,0.0,5.0,251.0,0,0
2019-10-04,sport,5538,23.0,41.0,11978.0,0,0
2019-10-04,stationery,115,2.0,0.0,0.0,0,0
2019-10-05,Unknown,409249,3397.0,5322.0,715161.0,0,0
2019-10-05,accessories,6174,29.0,25.0,1001.0,0,0
2019-10-05,apparel,29102,0.0,143.0,11767.0,0,0
2019-10-05,appliances,159252,2923.0,2477.0,468744.0,0,0
2019-10-05,auto,46523,460.0,506.0,59209.0,0,0
2019-10-05,computers,75663,1801.0,995.0,413413.0,0,0
2019-10-05,construction,18194,160.0,174.0,21616.0,0,0
2019-10-05,country_yard,438,0.0,2.0,638.0,0,0
2019-10-05,electronics,474860,25672.0,13416.0,5583041.0,0,0
2019-10-05,furniture,29706,21.0,202.0,38706.0,0,0
2019-10-05,kids,14520,68.0,187.0,17362.0,0,0
2019-10-05,medicine,260,0.0,3.0,144.0,0,0
2019-10-05,sport,5872,28.0,38.0,10262.0,0,0
2019-10-05,stationery,177,1.0,2.0,31.0,0,0
2019-10-06,Unknown,410493,2791.0,4985.0,681414.0,0,0
2019-10-06,accessories,6821,18.0,40.0,1691.0,0,0
2019-10-06,apparel,28656,0.0,111.0,8894.0,0,0
2019-10-06,appliances,159212,2608.0,2460.0,454387.0,0,0
2019-10-06,auto,40647,307.0,428.0,49357.0,0,0
2019-10-06,computers,73394,1368.0,840.0,352525.0,0,0
2019-10-06,construction,19302,179.0,202.0,21016.0,0,0
2019-10-06,country_yard,532,0.0,7.0,2438.0,0,0
2019-10-06,electronics,472977,23587.0,12671.0,5083043.0,0,0
2019-10-06,furniture,30078,25.0,205.0,47919.0,0,0
2019-10-06,kids,14632,91.0,164.0,21742.0,0,0
2019-10-06,medicine,306,0.0,10.0,409.0,0,0
2019-10-06,sport,5622,13.0,39.0,12356.0,0,0
2019-10-06,stationery,259,6.0,7.0,67.0,0,0
2019-10-07,Unknown,394880,1758.0,5343.0,716216.0,0,0
2019-10-07,accessories,6235,5.0,48.0,1635.0,0,0
2019-10-07,apparel,27868,0.0,151.0,12649.0,0,0
2019-10-07,appliances,128334,641.0,2013.0,347828.0,0,0
2019-10-07,auto,40570,289.0,467.0,54113.0,0,0
2019-10-07,computers,65616,260.0,814.0,319853.0,0,0
2019-10-07,construction,19727,153.0,191.0,22546.0,0,0
2019-10-07,country_yard,458,0.0,1.0,79.0,0,0
2019-10-07,electronics,427820,14397.0,11982.0,4805633.0,0,0
2019-10-07,furniture,27737,39.0,182.0,41078.0,0,0
2019-10-07,kids,14413,24.0,143.0,16682.0,0,0
2019-10-07,medicine,250,4.0,7.0,296.0,0,0
2019-10-07,sport,5124,0.0,36.0,9581.0,0,0
2019-10-07,stationery,158,0.0,0.0,0.0,0,0
2019-10-08,Unknown,499871,1878.0,6384.0,806742.0,0,0
2019-10-08,accessories,7976,11.0,47.0,1903.0,0,0
2019-10-08,apparel,35710,0.0,147.0,12379.0,0,0
2019-10-08,appliances,134395,713.0,2025.0,343854.0,0,0
2019-10-08,auto,62626,383.0,620.0,72968.0,0,0
2019-10-08,computers,66342,222.0,825.0,309039.0,0,0
2019-10-08,construction,21047,159.0,210.0,26422.0,0,0
2019-10-08,country_yard,568,0.0,3.0,340.0,0,0
2019-10-08,electronics,442903,14515.0,12410.0,5175072.0,0,0
2019-10-08,furniture,30166,24.0,200.0,40381.0,0,0
2019-10-08,kids,15532,42.0,144.0,18014.0,0,0
2019-10-08,medicine,268,2.0,5.0,225.0,0,0
2019-10-08,sport,5834,2.0,48.0,12317.0,0,0
2019-10-08,stationery,219,1.0,3.0,47.0,0,0
2019-10-09,Unknown,477007,1796.0,6206.0,785336.0,0,0
2019-10-09,accessories,7662,12.0,51.0,1729.0,0,0
2019-10-09,apparel,39246,0.0,177.0,14672.0,0,0
2019-10-09,appliances,133062,793.0,1914.0,339831.0,0,0
2019-10-09,auto,52329,390.0,574.0,69400.0,0,0
2019-10-09,computers,68962,268.0,772.0,290423.0,0,0
2019-10-09,construction,21595,144.0,230.0,34072.0,0,0
2019-10-09,country_yard,559,0.0,1.0,242.0,0,0
2019-10-09,electronics,449186,14397.0,12402.0,5247160.0,0,0
2019-10-09,furniture,30271,45.0,218.0,38706.0,0,0
2019-10-09,kids,15277,36.0,149.0,19035.0,0,0
2019-10-09,medicine,277,3.0,2.0,81.0,0,0
2019-10-09,sport,5580,0.0,44.0,14600.0,0,0
2019-10-09,stationery,301,2.0,7.0,38.0,0,0
2019-10-10,Unknown,426270,1827.0,5771.0,751789.0,0,0
2019-10-10,accessories,8249,2.0,57.0,1969.0,0,0
2019-10-10,apparel,35787,0.0,212.0,15503.0,0,0
2019-10-10,appliances,138641,723.0,1902.0,351771.0,0,0
2019-10-10,auto,38044,260.0,413.0,46550.0,0,0
2019-10-10,computers,66784,224.0,743.0,302091.0,0,0
2019-10-10,construction,20028,137.0,206.0,28053.0,0,0
2019-10-10,country_yard,437,0.0,5.0,1084.0,0,0
2019-10-10,electronics,454235,15079.0,12278.0,5097027.0,0,0
2019-10-10,furniture,29728,29.0,170.0,37281.0,0,0
2019-10-10,kids,16218,49.0,176.0,21019.0,0,0
2019-10-10,medicine,361,2.0,10.0,399.0,0,0
2019-10-10,sport,5264,3.0,44.0,10794.0,0,0
2019-10-10,stationery,241,1.0,5.0,83.0,0,0
2019-10-11,Unknown,509665,1990.0,7258.0,933955.0,0,0
2019-10-11,accessories,10305,5.0,69.0,3125.0,0,0
2019-10-11,apparel,55589,0.0,275.0,22397.0,0,0
2019-10-11,appliances,164592,919.0,2469.0,423637.0,0,0
2019-10-11,auto,41305,372.0,507.0,59254.0,0,0
2019-10-11,computers,72428,222.0,1020.0,382895.0,0,0
2019-10-11,construction,26665,214.0,258.0,30266.0,0,0
2019-10-11,country_yard,562,0.0,3.0,491.0,0,0
2019-10-11,electronics,495927,16867.0,13784.0,5761376.0,0,0
2019-10-11,furniture,39928,40.0,309.0,52431.0,0,0
2019-10-11,kids,21380,87.0,203.0,28972.0,0,0
2019-10-11,medicine,576,6.0,14.0,696.0,0,0
2019-10-11,sport,5934,8.0,47.0,16639.0,0,0
2019-10-11,stationery,252,3.0,8.0,74.0,0,0
2019-10-12,Unknown,501486,2144.0,7209.0,896299.0,0,0
2019-10-12,accessories,9419,6.0,53.0,1708.0,0,0
2019-10-12,apparel,55362,0.0,279.0,20497.0,0,0
2019-10-12,appliances,168902,1027.0,2462.0,436098.0,0,0
2019-10-12,auto,40555,375.0,531.0,63077.0,0,0
2019-10-12,computers,74298,213.0,1001.0,358174.0,0,0
2019-10-12,construction,25087,172.0,257.0,31010.0,0,0
2019-10-12,country_yard,413,0.0,0.0,0.0,0,0
2019-10-12,electronics,488701,15921.0,13105.0,5418115.0,0,0
2019-10-12,furniture,42413,51.0,280.0,60410.0,0,0
2019-10-12,kids,18454,80.0,151.0,13407.0,0,0
2019-10-12,medicine,438,0.0,7.0,356.0,0,0
2019-10-12,sport,6437,6.0,35.0,8485.0,0,0
2019-10-12,stationery,296,3.0,3.0,56.0,0,0
2019-10-13,Unknown,546690,2597.0,8247.0,1042486.0,0,0
2019-10-13,accessories,10392,15.0,81.0,3435.0,0,0
2019-10-13,apparel,63544,0.0,288.0,22408.0,0,0
2019-10-13,appliances,198007,1598.0,3361.0,595271.0,0,0
2019-10-13,auto,41555,349.0,577.0,72877.0,0,0
2019-10-13,computers,83498,443.0,1097.0,434392.0,0,0
2019-10-13,construction,30492,283.0,371.0,44296.0,0,0
2019-10-13,country_yard,573,1.0,5.0,1690.0,0,0
2019-10-13,electronics,532513,18624.0,14793.0,6115467.0,0,0
2019-10-13,furniture,46653,60.0,395.0,76171.0,0,0
2019-10-13,kids,21832,129.0,271.0,37209.0,0,0
2019-10-13,medicine,349,4.0,10.0,470.0,0,0
2019-10-13,sport,7061,14.0,56.0,11343.0,0,0
2019-10-13,stationery,341,7.0,9.0,92.0,0,0
2019-10-14,Unknown,413963,5439.0,5742.0,780528.0,0,0
2019-10-14,accessories,7942,35.0,64.0,3131.0,0,0
2019-10-14,apparel,42859,0.0,173.0,14319.0,0,0
2019-10-14,appliances,182872,6221.0,3145.0,588973.0,0,0
2019-10-14,auto,27012,274.0,297.0,37930.0,0,0
2019-10-14,computers,83073,1550.0,1154.0,466493.0,0,0
2019-10-14,construction,29192,717.0,307.0,35610.0,0,0
2019-10-14,country_yard,550,0.0,3.0,717.0,0,0
2019-10-14,electronics,532367,29001.0,16995.0,7339005.0,0,0
2019-10-14,furniture,32870,101.0,255.0,46572.0,0,0
2019-10-14,kids,16123,125.0,207.0,29373.0,0,0
2019-10-14,medicine,568,45.0,10.0,505.0,0,0
2019-10-14,sport,6482,39.0,46.0,13451.0,0,0
2019-10-14,stationery,321,7.0,7.0,84.0,0,0
2019-10-15,Unknown,442308,5956.0,5473.0,769861.0,0,0
2019-10-15,accessories,8830,22.0,50.0,2455.0,0,0
2019-10-15,apparel,45497,4.0,196.0,17410.0,0,0
2019-10-15,appliances,198561,6598.0,2891.0,548532.0,0,0
2019-10-15,auto,31177,390.0,260.0,30665.0,0,0
2019-10-15,computers,87434,1721.0,996.0,406810.0,0,0
2019-10-15,construction,29147,642.0,306.0,33678.0,0,0
2019-10-15,country_yard,455,2.0,6.0,1793.0,0,0
2019-10-15,electronics,557767,32273.0,15709.0,6769323.0,0,0
2019-10-15,furniture,34856,191.0,233.0,42513.0,0,0
2019-10-15,kids,18102,134.0,192.0,18486.0,0,0
2019-10-15,medicine,641,28.0,14.0,611.0,0,0
2019-10-15,sport,7275,67.0,41.0,10662.0,0,0
2019-10-15,stationery,287,4.0,4.0,74.0,0,0
2019-10-16,Unknown,445672,5729.0,6603.0,899208.0,0,0
2019-10-16,accessories,8372,19.0,65.0,3010.0,0,0
2019-10-16,apparel,54670,0.0,303.0,22547.0,0,0
2019-10-16,appliances,178729,5399.0,3108.0,547345.0,0,0
2019-10-16,auto,29468,301.0,340.0,38482.0,0,0
2019-10-16,computers,82226,1636.0,1320.0,569621.0,0,0
2019-10-16,construction,27963,589.0,338.0,44855.0,0,0
2019-10-16,country_yard,511,0.0,2.0,248.0,0,0
2019-10-16,electronics,554028,29825.0,18724.0,7521129.0,0,0
2019-10-16,furniture,34983,188.0,274.0,52173.0,0,0
2019-10-16,kids,19197,156.0,240.0,33574.0,0,0
2019-10-16,medicine,650,41.0,20.0,860.0,0,0
2019-10-16,sport,6493,42.0,54.0,14075.0,0,0
2019-10-16,stationery,300,4.0,2.0,38.0,0,0
2019-10-17,Unknown,416320,5164.0,6347.0,875825.0,0,0
2019-10-17,accessories,7860,27.0,66.0,2696.0,0,0
2019-10-17,apparel,55183,1.0,282.0,21658.0,0,0
2019-10-17,appliances,158797,4773.0,2883.0,535803.0,0,0
2019-10-17,auto,26491,280.0,287.0,35331.0,0,0
2019-10-17,computers,75514,1297.0,1062.0,469560.0,0,0
2019-10-17,construction,23625,507.0,310.0,39813.0,0,0
2019-10-17,country_yard,431,3.0,2.0,339.0,0,0
2019-10-17,electronics,516710,26856.0,16604.0,6969736.0,0,0
2019-10-17,furniture,32472,149.0,237.0,41856.0,0,0
2019-10-17,kids,16928,133.0,183.0,23948.0,0,0
2019-10-17,medicine,536,26.0,8.0,361.0,0,0
2019-10-17,sport,5961,50.0,41.0,8956.0,0,0
2019-10-17,stationery,289,5.0,5.0,137.0,0,0
2019-10-18,Unknown,436196,5204.0,5659.0,766002.0,0,0
2019-10-18,accessories,8111,18.0,57.0,2613.0,0,0
2019-10-18,apparel,122869,1.0,591.0,45767.0,0,0
2019-10-18,appliances,157406,4649.0,2657.0,487968.0,0,0
2019-10-18,auto,23248,315.0,266.0,36326.0,0,0
2019-10-18,computers,73457,1251.0,911.0,374731.0,0,0
2019-10-18,construction,21986,470.0,298.0,31533.0,0,0
2019-10-18,country_yard,437,3.0,3.0,329.0,0,0
2019-10-18,electronics,517645,26607.0,15002.0,6350174.0,0,0
2019-10-18,furniture,29300,124.0,194.0,33527.0,0,0
2019-10-18,kids,16859,141.0,169.0,17340.0,0,0
2019-10-18,medicine,345,18.0,8.0,355.0,0,0
2019-10-18,sport,5203,60.0,33.0,8110.0,0,0
2019-10-18,stationery,269,1.0,1.0,8.0,0,0
2019-10-19,Unknown,425229,4976.0,5574.0,731908.0,0,0
2019-10-19,accessories,8393,24.0,38.0,1713.0,0,0
2019-10-19,apparel,81503,0.0,466.0,36558.0,0,0
2019-10-19,appliances,164518,4773.0,2736.0,503651.0,0,0
2019-10-19,auto,23397,285.0,231.0,29642.0,0,0
2019-10-19,computers,72851,1113.0,830.0,340764.0,0,0
2019-10-19,construction,22778,409.0,275.0,30790.0,0,0
2019-10-19,country_yard,401,2.0,0.0,0.0,0,0
2019-10-19,electronics,527545,26326.0,14113.0,5829907.0,0,0
2019-10-19,furniture,32351,155.0,187.0,34732.0,0,0
2019-10-19,kids,16603,108.0,152.0,13807.0,0,0
2019-10-19,medicine,493,29.0,9.0,388.0,0,0
2019-10-19,sport,6063,69.0,41.0,8549.0,0,0
2019-10-19,stationery,203,6.0,5.0,71.0,0,0
2019-10-20,Unknown,456253,5465.0,5967.0,719777.0,0,0
2019-10-20,accessories,8934,20.0,46.0,1920.0,0,0
2019-10-20,apparel,75414,0.0,428.0,31269.0,0,0
2019-10-20,appliances,172047,5093.0,2751.0,497450.0,0,0
2019-10-20,auto,26386,249.0,241.0,30775.0,0,0
2019-10-20,computers,77063,1212.0,873.0,371654.0,0,0
2019-10-20,construction,24042,534.0,291.0,30248.0,0,0
2019-10-20,country_yard,500,4.0,5.0,968.0,0,0
2019-10-20,electronics,545875,26479.0,14083.0,5761531.0,0,0
2019-10-20,furniture,33272,120.0,199.0,38649.0,0,0
2019-10-20,kids,16633,117.0,153.0,20603.0,0,0
2019-10-20,medicine,435,23.0,13.0,581.0,0,0
2019-10-20,sport,6592,51.0,41.0,9639.0,0,0
2019-10-20,stationery,317,7.0,6.0,103.0,0,0
2019-10-21,Unknown,430194,4793.0,5916.0,750003.0,0,0
2019-10-21,accessories,7448,24.0,57.0,2475.0,0,0
2019-10-21,apparel,73316,0.0,424.0,31883.0,0,0
2019-10-21,appliances,159618,4167.0,2482.0,457740.0,0,0
2019-10-21,auto,26545,282.0,258.0,30683.0,0,0
2019-10-21,computers,71951,1172.0,907.0,363579.0,0,0
2019-10-21,construction,24581,484.0,315.0,39369.0,0,0
2019-10-21,country_yard,482,3.0,1.0,91.0,0,0
2019-10-21,electronics,495379,24256.0,14391.0,6118830.0,0,0
2019-10-21,furniture,30455,114.0,203.0,40227.0,0,0
2019-10-21,kids,16323,77.0,172.0,20297.0,0,0
2019-10-21,medicine,419,30.0,8.0,318.0,0,0
2019-10-21,sport,5680,79.0,28.0,6591.0,0,0
2019-10-21,stationery,194,4.0,3.0,57.0,0,0
2019-10-22,Unknown,433778,4602.0,5860.0,752205.0,0,0
2019-10-22,accessories,7328,19.0,60.0,2166.0,0,0
2019-10-22,apparel,68446,0.0,396.0,29508.0,0,0
2019-10-22,appliances,164834,4536.0,2531.0,454080.0,0,0
2019-10-22,auto,27899,349.0,329.0,40737.0,0,0
2019-10-22,computers,76722,1205.0,921.0,373022.0,0,0
2019-10-22,construction,24413,530.0,309.0,33379.0,0,0
2019-10-22,country_yard,455,1.0,2.0,424.0,0,0
2019-10-22,electronics,495137,24511.0,14551.0,6160511.0,0,0
2019-10-22,furniture,31455,79.0,196.0,37714.0,0,0
2019-10-22,kids,16455,119.0,173.0,20677.0,0,0
2019-10-22,medicine,509,31.0,15.0,694.0,0,0
2019-10-22,sport,5339,28.0,31.0,8289.0,0,0
2019-10-22,stationery,224,9.0,9.0,267.0,0,0
2019-10-23,Unknown,416749,4425.0,5555.0,717747.0,0,0
2019-10-23,accessories,7160,28.0,60.0,2530.0,0,0
2019-10-23,apparel,68624,0.0,380.0,28584.0,0,0
2019-10-23,appliances,157733,4443.0,2585.0,480331.0,0,0
2019-10-23,auto,27581,346.0,308.0,39752.0,0,0
2019-10-23,computers,73143,1278.0,966.0,389021.0,0,0
2019-10-23,construction,24841,507.0,271.0,31820.0,0,0
2019-10-23,country_yard,407,2.0,1.0,298.0,0,0
2019-10-23,electronics,483809,23968.0,14088.0,5843763.0,0,0
2019-10-23,furniture,34193,137.0,258.0,44884.0,0,0
2019-10-23,kids,17836,96.0,195.0,23758.0,0,0
2019-10-23,medicine,613,36.0,12.0,531.0,0,0
2019-10-23,sport,5460,100.0,45.0,10956.0,0,0
2019-10-23,stationery,180,6.0,6.0,108.0,0,0
2019-10-24,Unknown,391930,4459.0,5322.0,687310.0,0,0
2019-10-24,accessories,7149,37.0,46.0,2420.0,0,0
2019-10-24,apparel,56692,0.0,415.0,32977.0,0,0
2019-10-24,appliances,148244,4155.0,2397.0,440473.0,0,0
2019-10-24,auto,23778,320.0,282.0,33288.0,0,0
2019-10-24,computers,68868,1174.0,889.0,361122.0,0,0
2019-10-24,construction,22532,465.0,286.0,33863.0,0,0
2019-10-24,country_yard,350,2.0,1.0,124.0,0,0
2019-10-24,electronics,476617,23606.0,13861.0,5790957.0,0,0
2019-10-24,furniture,32099,115.0,231.0,43818.0,0,0
2019-10-24,kids,17250,103.0,182.0,28408.0,0,0
2019-10-24,medicine,723,29.0,13.0,564.0,0,0
2019-10-24,sport,6211,125.0,73.0,15011.0,0,0
2019-10-24,stationery,243,0.0,1.0,10.0,0,0
2019-10-25,Unknown,434407,4294.0,5473.0,736404.0,0,0
2019-10-25,accessories,6991,23.0,56.0,2246.0,0,0
2019-10-25,apparel,43064,3.0,232.0,17464.0,0,0
2019-10-25,appliances,159644,4654.0,2437.0,445195.0,0,0
2019-10-25,auto,26134,215.0,225.0,28139.0,0,0
2019-10-25,computers,75091,1147.0,909.0,337069.0,0,0
2019-10-25,construction,25295,449.0,250.0,31875.0,0,0
2019-10-25,country_yard,355,1.0,0.0,0.0,0,0
2019-10-25,electronics,498824,24338.0,13526.0,5477609.0,0,0
2019-10-25,furniture,73838,135.0,514.0,115236.0,0,0
2019-10-25,kids,18563,115.0,188.0,28261.0,0,0
2019-10-25,medicine,703,52.0,18.0,741.0,0,0
2019-10-25,sport,6570,101.0,52.0,14950.0,0,0
2019-10-25,stationery,292,8.0,3.0,29.0,0,0
2019-10-26,Unknown,394392,3881.0,4655.0,612460.0,0,0
2019-10-26,accessories,7805,37.0,52.0,3125.0,0,0
2019-10-26,apparel,40907,6.0,233.0,18409.0,0,0
2019-10-26,appliances,159000,4759.0,2635.0,513830.0,0,0
2019-10-26,auto,22084,224.0,224.0,29588.0,0,0
2019-10-26,computers,74043,1084.0,847.0,371881.0,0,0
2019-10-26,construction,22173,447.0,264.0,34221.0,0,0
2019-10-26,country_yard,331,3.0,2.0,399.0,0,0
2019-10-26,electronics,487873,22998.0,13154.0,5226873.0,0,0
2019-10-26,furniture,56786,109.0,361.0,79453.0,0,0
2019-10-26,kids,17687,101.0,164.0,18950.0,0,0
2019-10-26,medicine,547,25.0,13.0,540.0,0,0
2019-10-26,sport,5030,40.0,39.0,7668.0,0,0
2019-10-26,stationery,224,8.0,10.0,205.0,0,0
2019-10-27,Unknown,410627,3665.0,4899.0,660192.0,0,0
2019-10-27,accessories,7153,32.0,52.0,2213.0,0,0
2019-10-27,apparel,40631,8.0,201.0,15663.0,0,0
2019-10-27,appliances,166661,4660.0,2758.0,522116.0,0,0
2019-10-27,auto,21630,209.0,202.0,24079.0,0,0
2019-10-27,computers,77053,1109.0,864.0,340977.0,0,0
2019-10-27,construction,22134,373.0,217.0,26599.0,0,0
2019-10-27,country_yard,365,3.0,1.0,309.0,0,0
2019-10-27,electronics,503760,22763.0,13569.0,5491231.0,0,0
2019-10-27,furniture,57094,117.0,393.0,82894.0,0,0
2019-10-27,kids,17218,108.0,183.0,22913.0,0,0
2019-10-27,medicine,476,37.0,11.0,397.0,0,0
2019-10-27,sport,5129,55.0,45.0,7879.0,0,0
2019-10-27,stationery,236,8.0,6.0,61.0,0,0
2019-10-28,Unknown,401264,1454.0,4966.0,649375.0,0,0
2019-10-28,accessories,6595,5.0,38.0,1571.0,0,0
2019-10-28,apparel,38164,0.0,210.0,17185.0,0,0
2019-10-28,appliances,127225,654.0,1874.0,336789.0,0,0
2019-10-28,auto,21619,195.0,281.0,33652.0,0,0
2019-10-28,computers,68571,228.0,695.0,302746.0,0,0
2019-10-28,construction,20612,206.0,206.0,25014.0,0,0
2019-10-28,country_yard,365,1.0,1.0,90.0,0,0
2019-10-28,electronics,441640,14373.0,12183.0,5101519.0,0,0
2019-10-28,furniture,76480,29.0,458.0,97063.0,0,0
2019-10-28,kids,13327,34.0,160.0,17912.0,0,0
2019-10-28,medicine,493,14.0,9.0,314.0,0,0
2019-10-28,sport,4095,0.0,29.0,8193.0,0,0
2019-10-28,stationery,218,0.0,1.0,23.0,0,0
2019-10-29,Unknown,388950,1528.0,4789.0,657788.0,0,0
2019-10-29,accessories,6487,8.0,37.0,1642.0,0,0
2019-10-29,apparel,41048,0.0,232.0,18311.0,0,0
2019-10-29,appliances,126333,740.0,1852.0,323878.0,0,0
2019-10-29,auto,22246,155.0,219.0,27675.0,0,0
2019-10-29,computers,67360,297.0,711.0,305107.0,0,0
2019-10-29,construction,20116,166.0,213.0,27643.0,0,0
2019-10-29,country_yard,351,0.0,0.0,0.0,0,0
2019-10-29,electronics,432058,13644.0,11743.0,4965778.0,0,0
2019-10-29,furniture,63763,25.0,368.0,79634.0,0,0
2019-10-29,kids,14566,21.0,170.0,17558.0,0,0
2019-10-29,medicine,510,12.0,7.0,298.0,0,0
2019-10-29,sport,3818,0.0,27.0,6821.0,0,0
2019-10-29,stationery,228,1.0,4.0,31.0,0,0
2019-10-30,Unknown,380890,1536.0,4914.0,650440.0,0,0
2019-10-30,accessories,6380,9.0,60.0,3972.0,0,0
2019-10-30,apparel,38788,0.0,237.0,17096.0,0,0
2019-10-30,appliances,125101,656.0,1885.0,352847.0,0,0
2019-10-30,auto,22074,157.0,236.0,29245.0,0,0
2019-10-30,computers,65443,254.0,750.0,301304.0,0,0
2019-10-30,construction,18774,137.0,179.0,19976.0,0,0
2019-10-30,country_yard,276,3.0,1.0,124.0,0,0
2019-10-30,electronics,430719,13652.0,11946.0,5143576.0,0,0
2019-10-30,furniture,61709,25.0,400.0,90031.0,0,0
2019-10-30,kids,14898,24.0,177.0,19912.0,0,0
2019-10-30,medicine,352,5.0,7.0,399.0,0,0
2019-10-30,sport,4339,0.0,23.0,4961.0,0,0
2019-10-30,stationery,164,0.0,0.0,0.0,0,0
2019-10-31,Unknown,390547,1554.0,4727.0,620803.0,0,0
2019-10-31,accessories,6907,5.0,43.0,1679.0,0,0
2019-10-31,apparel,44071,0.0,234.0,18069.0,0,0
2019-10-31,appliances,128776,622.0,1753.0,306885.0,0,0
2019-10-31,auto,22842,151.0,202.0,23489.0,0,0
2019-10-31,computers,68719,215.0,729.0,287588.0,0,0
2019-10-31,construction,20360,171.0,197.0,21934.0,0,0
2019-10-31,country_yard,438,0.0,1.0,124.0,0,0
2019-10-31,electronics,441065,13495.0,11633.0,5058089.0,0,0
2019-10-31,furniture,63571,31.0,402.0,88680.0,0,0
2019-10-31,kids,15284,43.0,122.0,15063.0,0,0
2019-10-31,medicine,528,12.0,10.0,351.0,0,0
2019-10-31,sport,4519,6.0,34.0,12556.0,0,0
2019-10-31,stationery,166,0.0,10.0,111.0,0,0
2019-11-01,Unknown,452383,2056.0,5657.0,734072.0,0,0
2019-11-01,accessories,7776,8.0,46.0,1762.0,0,0
2019-11-01,apparel,58324,2.0,157.0,14021.0,0,0
2019-11-01,appliances,153570,783.0,2009.0,363308.0,0,0
2019-11-01,auto,24289,168.0,211.0,25114.0,0,0
2019-11-01,computers,81263,255.0,794.0,304822.0,0,0
2019-11-01,construction,22699,164.0,180.0,22811.0,0,0
2019-11-01,country_yard,365,0.0,1.0,90.0,0,0
2019-11-01,electronics,516059,14844.0,12840.0,5373470.0,0,0
2019-11-01,furniture,62198,15.0,353.0,74614.0,0,0
2019-11-01,kids,17827,46.0,177.0,28207.0,0,0
2019-11-01,medicine,501,5.0,9.0,376.0,0,0
2019-11-01,sport,5229,1.0,21.0,6715.0,0,0
2019-11-01,stationery,228,2.0,2.0,19.0,0,0
2019-11-02,Unknown,491260,2178.0,5838.0,685775.0,0,0
2019-11-02,accessories,8932,3.0,47.0,1785.0,0,0
2019-11-02,apparel,65590,0.0,234.0,20684.0,0,0
2019-11-02,appliances,169884,805.0,1975.0,329514.0,0,0
2019-11-02,auto,25984,220.0,217.0,26324.0,0,0
2019-11-02,computers,87778,267.0,702.0,280314.0,0,0
2019-11-02,construction,23574,152.0,191.0,20294.0,0,0
2019-11-02,country_yard,449,0.0,2.0,532.0,0,0
2019-11-02,electronics,545392,15100.0,12075.0,4914428.0,0,0
2019-11-02,furniture,69680,20.0,378.0,80380.0,0,0
2019-11-02,kids,18640,40.0,170.0,23126.0,0,0
2019-11-02,medicine,552,14.0,5.0,188.0,0,0
2019-11-02,sport,5334,1.0,21.0,6111.0,0,0
2019-11-02,stationery,290,8.0,8.0,123.0,0,0
2019-11-03,Unknown,487669,2160.0,5592.0,664694.0,0,0
2019-11-03,accessories,8714,7.0,60.0,2374.0,0,0
2019-11-03,apparel,63386,0.0,286.0,22245.0,0,0
2019-11-03,appliances,179451,869.0,1960.0,351327.0,0,0
2019-11-03,auto,26610,209.0,216.0,30519.0,0,0
2019-11-03,computers,89443,347.0,699.0,310843.0,0,0
2019-11-03,construction,23814,190.0,194.0,21906.0,0,0
2019-11-03,country_yard,350,0.0,1.0,124.0,0,0
2019-11-03,electronics,558674,15693.0,12630.0,5163141.0,0,0
2019-11-03,furniture,63079,22.0,331.0,67909.0,0,0
2019-11-03,kids,17446,27.0,147.0,16659.0,0,0
2019-11-03,medicine,554,8.0,5.0,235.0,0,0
2019-11-03,sport,5216,3.0,17.0,4722.0,0,0
2019-11-03,stationery,336,3.0,7.0,222.0,0,0
2019-11-04,Unknown,583661,2929.0,7883.0,846344.0,0,0
2019-11-04,accessories,10426,7.0,68.0,2964.0,0,0
2019-11-04,apparel,85165,0.0,336.0,26873.0,0,0
2019-11-04,appliances,198180,908.0,2355.0,431437.0,0,0
2019-11-04,auto,33407,200.0,266.0,33992.0,0,0
2019-11-04,computers,100674,315.0,861.0,359430.0,0,0
2019-11-04,construction,27632,234.0,217.0,29233.0,0,0
2019-11-04,country_yard,537,1.0,2.0,511.0,0,0
2019-11-04,electronics,619798,16689.0,14458.0,6241601.0,0,0
2019-11-04,furniture,57415,31.0,247.0,41993.0,0,0
2019-11-04,kids,19405,48.0,159.0,14618.0,0,0
2019-11-04,medicine,640,12.0,8.0,387.0,0,0
2019-11-04,sport,5950,2.0,19.0,4294.0,0,0
2019-11-04,stationery,377,1.0,10.0,224.0,0,0
2019-11-05,Unknown,579847,2407.0,7706.0,804124.0,0,0
2019-11-05,accessories,9864,16.0,41.0,1881.0,0,0
2019-11-05,apparel,86310,0.0,360.0,29317.0,0,0
2019-11-05,appliances,184498,801.0,2010.0,369110.0,0,0
2019-11-05,auto,31513,193.0,248.0,29780.0,0,0
2019-11-05,computers,99905,239.0,843.0,341427.0,0,0
2019-11-05,construction,25367,156.0,232.0,27803.0,0,0
2019-11-05,country_yard,610,1.0,1.0,124.0,0,0
2019-11-05,electronics,575459,14915.0,12983.0,5561953.0,0,0
2019-11-05,furniture,52688,25.0,244.0,52373.0,0,0
2019-11-05,kids,18644,46.0,161.0,24134.0,0,0
2019-11-05,medicine,517,1.0,5.0,237.0,0,0
2019-11-05,sport,5109,0.0,32.0,6432.0,0,0
2019-11-05,stationery,255,0.0,6.0,36.0,0,0
2019-11-06,Unknown,564544,2353.0,7497.0,788619.0,0,0
2019-11-06,accessories,9717,5.0,42.0,1766.0,0,0
2019-11-06,apparel,81995,0.0,391.0,32016.0,0,0
2019-11-06,appliances,186535,805.0,2183.0,385782.0,0,0
2019-11-06,auto,30926,187.0,259.0,31596.0,0,0
2019-11-06,computers,98428,276.0,827.0,350094.0,0,0
2019-11-06,construction,24421,182.0,213.0,27333.0,0,0
2019-11-06,country_yard,426,0.0,0.0,0.0,0,0
2019-11-06,electronics,572040,15232.0,13469.0,5712470.0,0,0
2019-11-06,furniture,50537,35.0,232.0,43348.0,0,0
2019-11-06,kids,18266,31.0,154.0,14249.0,0,0
2019-11-06,medicine,560,10.0,7.0,334.0,0,0
2019-11-06,sport,5592,7.0,34.0,9932.0,0,0
2019-11-06,stationery,322,1.0,11.0,221.0,0,0
2019-11-07,Unknown,598443,2208.0,7422.0,798231.0,0,0
2019-11-07,accessories,10584,8.0,59.0,2554.0,0,0
2019-11-07,apparel,103485,1.0,474.0,39564.0,0,0
2019-11-07,appliances,192078,859.0,2192.0,389262.0,0,0
2019-11-07,auto,32308,243.0,290.0,35720.0,0,0
2019-11-07,computers,101326,260.0,776.0,321153.0,0,0
2019-11-07,construction,27381,181.0,207.0,22402.0,0,0
2019-11-07,country_yard,412,0.0,1.0,320.0,0,0
2019-11-07,electronics,600061,15055.0,12943.0,5377218.0,0,0
2019-11-07,furniture,54716,41.0,257.0,44737.0,0,0
2019-11-07,kids,20248,41.0,193.0,22319.0,0,0
2019-11-07,medicine,648,8.0,10.0,493.0,0,0
2019-11-07,sport,6777,3.0,33.0,7871.0,0,0
2019-11-07,stationery,288,0.0,5.0,92.0,0,0
2019-11-08,Unknown,581243,22935.0,6466.0,776759.0,0,0
2019-11-08,accessories,10002,209.0,61.0,2902.0,0,0
2019-11-08,apparel,88394,1429.0,375.0,30545.0,0,0
2019-11-08,appliances,208590,7474.0,2428.0,427556.0,0,0
2019-11-08,auto,32068,923.0,251.0,30534.0,0,0
2019-11-08,computers,117558,2746.0,937.0,401331.0,0,0
2019-11-08,construction,28371,893.0,239.0,27354.0,0,0
2019-11-08,country_yard,469,6.0,1.0,93.0,0,0
2019-11-08,electronics,635880,36552.0,14433.0,5944723.0,0,0
2019-11-08,furniture,58569,971.0,283.0,59128.0,0,0
2019-11-08,kids,20846,528.0,176.0,27631.0,0,0
2019-11-08,medicine,561,29.0,8.0,366.0,0,0
2019-11-08,sport,6884,184.0,50.0,12984.0,0,0
2019-11-08,stationery,337,25.0,6.0,133.0,0,0
2019-11-09,Unknown,579974,21750.0,5895.0,680072.0,0,0
2019-11-09,accessories,10018,152.0,34.0,1300.0,0,0
2019-11-09,apparel,91422,1490.0,391.0,33390.0,0,0
2019-11-09,appliances,207416,6889.0,2251.0,391505.0,0,0
2019-11-09,auto,29438,784.0,245.0,29106.0,0,0
2019-11-09,computers,116251,2422.0,751.0,345480.0,0,0
2019-11-09,construction,28740,665.0,188.0,20092.0,0,0
2019-11-09,country_yard,624,14.0,0.0,0.0,0,0
2019-11-09,electronics,629626,32165.0,12609.0,5074924.0,0,0
2019-11-09,furniture,58977,851.0,217.0,46093.0,0,0
2019-11-09,kids,22543,453.0,132.0,13294.0,0,0
2019-11-09,medicine,487,22.0,6.0,262.0,0,0
2019-11-09,sport,7154,124.0,41.0,11148.0,0,0
2019-11-09,stationery,429,34.0,7.0,95.0,0,0
2019-11-10,Unknown,602413,23145.0,6223.0,723428.0,0,0
2019-11-10,accessories,10529,162.0,44.0,1488.0,0,0
2019-11-10,apparel,89583,1514.0,398.0,33112.0,0,0
2019-11-10,appliances,216953,6712.0,2218.0,390180.0,0,0
2019-11-10,auto,32201,794.0,248.0,28567.0,0,0
2019-11-10,computers,120748,2536.0,791.0,297574.0,0,0
2019-11-10,construction,30983,846.0,203.0,19361.0,0,0
2019-11-10,country_yard,383,3.0,1.0,212.0,0,0
2019-11-10,electronics,651935,32050.0,12294.0,5056606.0,0,0
2019-11-10,furniture,59284,897.0,226.0,48316.0,0,0
2019-11-10,kids,21931,542.0,167.0,21141.0,0,0
2019-11-10,medicine,460,25.0,7.0,269.0,0,0
2019-11-10,sport,7844,163.0,49.0,13089.0,0,0
2019-11-10,stationery,261,19.0,9.0,132.0,0,0
2019-11-11,Unknown,628262,24231.0,6990.0,811405.0,0,0
2019-11-11,accessories,10986,192.0,56.0,2720.0,0,0
2019-11-11,apparel,95321,1567.0,432.0,35662.0,0,0
2019-11-11,appliances,224109,6664.0,2132.0,363866.0,0,0
2019-11-11,auto,36178,858.0,296.0,34604.0,0,0
2019-11-11,computers,127213,2949.0,931.0,359260.0,0,0
2019-11-11,construction,30699,836.0,220.0,27348.0,0,0
2019-11-11,country_yard,563,6.0,1.0,93.0,0,0
2019-11-11,electronics,660720,33744.0,13372.0,5529532.0,0,0
2019-11-11,furniture,60409,882.0,252.0,45683.0,0,0
2019-11-11,kids,24328,554.0,177.0,20675.0,0,0
2019-11-11,medicine,541,30.0,8.0,368.0,0,0
2019-11-11,sport,7556,155.0,53.0,23703.0,0,0
2019-11-11,stationery,481,26.0,10.0,238.0,0,0
2019-11-12,Unknown,615047,21010.0,5976.0,736764.0,0,0
2019-11-12,accessories,11008,158.0,49.0,1614.0,0,0
2019-11-12,apparel,92066,1345.0,352.0,29503.0,0,0
2019-11-12,appliances,223496,6570.0,2043.0,368832.0,0,0
2019-11-12,auto,33929,822.0,230.0,30004.0,0,0
2019-11-12,computers,127103,2694.0,805.0,332203.0,0,0
2019-11-12,construction,31506,780.0,187.0,25151.0,0,0
2019-11-12,country_yard,572,13.0,3.0,475.0,0,0
2019-11-12,electronics,660331,32469.0,12585.0,5180979.0,0,0
2019-11-12,furniture,64297,900.0,248.0,44684.0,0,0
2019-11-12,kids,24895,594.0,188.0,20424.0,0,0
2019-11-12,medicine,624,29.0,10.0,424.0,0,0
2019-11-12,sport,7391,152.0,44.0,10991.0,0,0
2019-11-12,stationery,415,19.0,5.0,66.0,0,0
2019-11-13,Unknown,613493,20547.0,5612.0,712922.0,0,0
2019-11-13,accessories,10722,208.0,53.0,2421.0,0,0
2019-11-13,apparel,82977,1299.0,310.0,25157.0,0,0
2019-11-13,appliances,229622,6552.0,1927.0,342675.0,0,0
2019-11-13,auto,35392,802.0,233.0,27474.0,0,0
2019-11-13,computers,133155,2671.0,852.0,339361.0,0,0
2019-11-13,construction,33077,871.0,209.0,23390.0,0,0
2019-11-13,country_yard,641,7.0,3.0,250.0,0,0
2019-11-13,electronics,685518,34574.0,12895.0,5254148.0,0,0
2019-11-13,furniture,62045,896.0,236.0,55868.0,0,0
2019-11-13,kids,24924,576.0,166.0,18995.0,0,0
2019-11-13,medicine,508,40.0,4.0,142.0,0,0
2019-11-13,sport,7929,150.0,46.0,10061.0,0,0
2019-11-13,stationery,357,15.0,2.0,15.0,0,0
2019-11-14,Unknown,851075,39326.0,5144.0,688149.0,0,1
2019-11-14,accessories,15693,351.0,45.0,2884.0,0,1
2019-11-14,apparel,118660,2933.0,392.0,34510.0,0,1
2019-11-14,appliances,376788,17307.0,2131.0,394800.0,0,1
2019-11-14,auto,48781,2082.0,259.0,36653.0,0,1
2019-11-14,computers,212420,8171.0,756.0,309948.0,0,1
2019-11-14,construction,44617,1777.0,176.0,22726.0,0,1
2019-11-14,country_yard,692,16.0,0.0,0.0,0,1
2019-11-14,electronics,1062842,89577.0,12796.0,5380752.0,0,1
2019-11-14,furniture,90207,2319.0,227.0,53504.0,0,1
2019-11-14,kids,29798,981.0,150.0,13648.0,0,1
2019-11-14,medicine,938,67.0,7.0,320.0,0,1
2019-11-14,sport,11379,305.0,39.0,12024.0,0,1
2019-11-14,stationery,461,41.0,2.0,7.0,0,1
2019-11-15,Unknown,1787541,113871.0,0.0,0.0,0,1
2019-11-15,accessories,33032,947.0,0.0,0.0,0,1
2019-11-15,apparel,245888,7376.0,0.0,0.0,0,1
2019-11-15,appliances,882850,63662.0,0.0,0.0,0,1
2019-11-15,auto,95721,6305.0,0.0,0.0,0,1
2019-11-15,computers,391365,20454.0,0.0,0.0,0,1
2019-11-15,construction,92184,6009.0,0.0,0.0,0,1
2019-11-15,country_yard,1835,81.0,0.0,0.0,0,1
2019-11-15,electronics,1884232,236950.0,0.0,0.0,0,1
2019-11-15,furniture,201535,7371.0,0.0,0.0,0,1
2019-11-15,kids,52053,2592.0,0.0,0.0,0,1
2019-11-15,medicine,1786,184.0,0.0,0.0,0,1
2019-11-15,sport,21086,1009.0,0.0,0.0,0,1
2019-11-15,stationery,625,43.0,0.0,0.0,0,1
2019-11-16,Unknown,1887046,99459.0,14977.0,2552881.0,0,1
2019-11-16,accessories,39204,976.0,149.0,8514.0,0,1
2019-11-16,apparel,318805,8888.0,1230.0,109280.0,0,1
2019-11-16,appliances,926424,55454.0,9554.0,2096343.0,0,1
2019-11-16,auto,99818,5197.0,847.0,119116.0,0,1
2019-11-16,computers,382057,16368.0,3057.0,1373104.0,0,1
2019-11-16,construction,99157,5004.0,694.0,82678.0,0,1
2019-11-16,country_yard,1657,62.0,5.0,936.0,0,1
2019-11-16,electronics,1899327,189892.0,36062.0,16708931.0,0,1
2019-11-16,furniture,241397,7045.0,1158.0,301243.0,0,1
2019-11-16,kids,64185,2338.0,354.0,50459.0,0,1
2019-11-16,medicine,2169,167.0,27.0,1414.0,0,1
2019-11-16,sport,24126,821.0,125.0,37961.0,0,1
2019-11-16,stationery,787,42.0,8.0,110.0,0,1
2019-11-17,Unknown,1846482,105683.0,44285.0,6821197.0,0,1
2019-11-17,accessories,37149,1191.0,502.0,27534.0,0,1
2019-11-17,apparel,280136,7492.0,3017.0,255739.0,0,1
2019-11-17,appliances,950843,66269.0,29717.0,6256533.0,0,1
2019-11-17,auto,103393,6474.0,2752.0,369919.0,0,1
2019-11-17,computers,350565,17220.0,8216.0,3543585.0,0,1
2019-11-17,construction,106711,6230.0,2484.0,327084.0,0,1
2019-11-17,country_yard,1629,76.0,26.0,6472.0,0,1
2019-11-17,electronics,1760087,188165.0,88779.0,38954697.0,0,1
2019-11-17,furniture,229808,8238.0,3681.0,905185.0,0,1
2019-11-17,kids,65339,2721.0,1190.0,178867.0,0,1
2019-11-17,medicine,1977,206.0,87.0,4476.0,0,1
2019-11-17,sport,24698,923.0,432.0,122729.0,0,1
2019-11-17,stationery,768,54.0,27.0,464.0,0,1
2019-11-18,Unknown,641853,24090.0,7159.0,829893.0,0,0
2019-11-18,accessories,13163,311.0,95.0,3732.0,0,0
2019-11-18,apparel,77112,1514.0,478.0,36368.0,0,0
2019-11-18,appliances,216124,7706.0,2490.0,406024.0,0,0
2019-11-18,auto,37075,1080.0,336.0,39767.0,0,0
2019-11-18,computers,117857,2778.0,932.0,344806.0,0,0
2019-11-18,construction,35186,973.0,275.0,30163.0,0,0
2019-11-18,country_yard,551,5.0,3.0,212.0,0,0
2019-11-18,electronics,679522,40281.0,16234.0,6477568.0,0,0
2019-11-18,furniture,53696,953.0,268.0,52086.0,0,0
2019-11-18,kids,25196,732.0,213.0,22609.0,0,0
2019-11-18,medicine,557,32.0,16.0,712.0,0,0
2019-11-18,sport,6947,137.0,36.0,7045.0,0,0
2019-11-18,stationery,472,13.0,2.0,24.0,0,0
2019-11-19,Unknown,562060,21987.0,6353.0,773730.0,0,0
2019-11-19,accessories,10484,199.0,60.0,2182.0,0,0
2019-11-19,apparel,67421,1399.0,463.0,34477.0,0,0
2019-11-19,appliances,174518,6325.0,2092.0,350945.0,0,0
2019-11-19,auto,34653,987.0,298.0,33903.0,0,0
2019-11-19,computers,98716,2422.0,821.0,308228.0,0,0
2019-11-19,construction,29198,808.0,209.0,24754.0,0,0
2019-11-19,country_yard,499,6.0,0.0,0.0,0,0
2019-11-19,electronics,579680,34666.0,14250.0,5697471.0,0,0
2019-11-19,furniture,40856,637.0,206.0,44385.0,0,0
2019-11-19,kids,23179,556.0,175.0,16267.0,0,0
2019-11-19,medicine,393,22.0,7.0,309.0,0,0
2019-11-19,sport,5546,110.0,26.0,4674.0,0,0
2019-11-19,stationery,417,39.0,7.0,81.0,0,0
2019-11-20,Unknown,568391,22807.0,6785.0,762424.0,0,0
2019-11-20,accessories,9376,173.0,54.0,2045.0,0,0
2019-11-20,apparel,69655,1461.0,431.0,33463.0,0,0
2019-11-20,appliances,168821,6214.0,2102.0,349907.0,0,0
2019-11-20,auto,33775,1030.0,305.0,40144.0,0,0
2019-11-20,computers,93481,2404.0,844.0,311190.0,0,0
2019-11-20,construction,30651,837.0,180.0,24960.0,0,0
2019-11-20,country_yard,447,8.0,3.0,743.0,0,0
2019-11-20,electronics,554939,33286.0,13801.0,5494753.0,0,0
2019-11-20,furniture,37877,717.0,221.0,38765.0,0,0
2019-11-20,kids,25297,648.0,175.0,21141.0,0,0
2019-11-20,medicine,404,20.0,10.0,606.0,0,0
2019-11-20,sport,5061,97.0,34.0,9054.0,0,0
2019-11-20,stationery,324,16.0,2.0,15.0,0,0
2019-11-21,Unknown,571511,26581.0,7532.0,790262.0,0,0
2019-11-21,accessories,9537,227.0,62.0,2297.0,0,0
2019-11-21,apparel,74680,1509.0,446.0,36917.0,0,0
2019-11-21,appliances,161902,6032.0,2026.0,332450.0,0,0
2019-11-21,auto,32109,821.0,266.0,35445.0,0,0
2019-11-21,computers,90725,2332.0,813.0,306786.0,0,0
2019-11-21,construction,27921,781.0,173.0,27838.0,0,0
2019-11-21,country_yard,388,7.0,0.0,0.0,0,0
2019-11-21,electronics,533770,32581.0,13482.0,5369543.0,0,0
2019-11-21,furniture,35684,622.0,216.0,41613.0,0,0
2019-11-21,kids,28828,703.0,199.0,19551.0,0,0
2019-11-21,medicine,541,40.0,11.0,587.0,0,0
2019-11-21,sport,5134,88.0,36.0,6791.0,0,0
2019-11-21,stationery,307,11.0,4.0,30.0,0,0
2019-11-22,Unknown,507791,22055.0,6529.0,778822.0,0,0
2019-11-22,accessories,8989,163.0,46.0,2005.0,0,0
2019-11-22,apparel,66310,1362.0,418.0,35230.0,0,0
2019-11-22,appliances,163251,6576.0,2191.0,355103.0,0,0
2019-11-22,auto,29251,878.0,254.0,31231.0,0,0
2019-11-22,computers,89599,2328.0,796.0,315548.0,0,0
2019-11-22,construction,24238,760.0,240.0,29336.0,0,0
2019-11-22,country_yard,346,3.0,2.0,250.0,0,0
2019-11-22,electronics,519309,32494.0,13299.0,5376609.0,0,0
2019-11-22,furniture,35874,586.0,205.0,45992.0,0,0
2019-11-22,kids,20815,517.0,167.0,15500.0,0,0
2019-11-22,medicine,425,16.0,7.0,303.0,0,0
2019-11-22,sport,4731,99.0,28.0,4845.0,0,0
2019-11-22,stationery,258,15.0,5.0,73.0,0,0
2019-11-23,Unknown,490112,18720.0,5429.0,700790.0,0,0
2019-11-23,accessories,8816,196.0,63.0,2650.0,0,0
2019-11-23,apparel,60180,1167.0,368.0,29298.0,0,0
2019-11-23,appliances,167331,6387.0,2167.0,366402.0,0,0
2019-11-23,auto,28900,742.0,254.0,30731.0,0,0
2019-11-23,computers,89934,2292.0,763.0,283370.0,0,0
2019-11-23,construction,23183,574.0,155.0,17836.0,0,0
2019-11-23,country_yard,322,5.0,0.0,0.0,0,0
2019-11-23,electronics,540018,31298.0,12670.0,4850339.0,0,0
2019-11-23,furniture,36658,588.0,180.0,35773.0,0,0
2019-11-23,kids,22715,551.0,158.0,15936.0,0,0
2019-11-23,medicine,387,12.0,5.0,249.0,0,0
2019-11-23,sport,5255,86.0,25.0,5667.0,0,0
2019-11-23,stationery,283,26.0,5.0,49.0,0,0
2019-11-24,Unknown,502253,21225.0,6010.0,656291.0,0,0
2019-11-24,accessories,9162,159.0,45.0,2246.0,0,0
2019-11-24,apparel,58587,1065.0,356.0,27883.0,0,0
2019-11-24,appliances,171306,6414.0,2117.0,367826.0,0,0
2019-11-24,auto,29080,714.0,235.0,28148.0,0,0
2019-11-24,computers,92100,2158.0,759.0,282048.0,0,0
2019-11-24,construction,24040,675.0,182.0,18455.0,0,0
2019-11-24,country_yard,339,3.0,0.0,0.0,0,0
2019-11-24,electronics,551176,32000.0,13031.0,5020235.0,0,0
2019-11-24,furniture,36438,690.0,232.0,49139.0,0,0
2019-11-24,kids,19166,551.0,148.0,10832.0,0,0
2019-11-24,medicine,463,44.0,10.0,470.0,0,0
2019-11-24,sport,5487,116.0,35.0,7153.0,0,0
2019-11-24,stationery,363,13.0,3.0,25.0,0,0
2019-11-25,Unknown,529099,24455.0,7168.0,792782.0,0,0
2019-11-25,accessories,8062,171.0,61.0,2335.0,0,0
2019-11-25,apparel,61266,1244.0,385.0,31941.0,0,0
2019-11-25,appliances,158478,5916.0,2066.0,328387.0,0,0
2019-11-25,auto,28405,778.0,272.0,33113.0,0,0
2019-11-25,computers,89831,2374.0,860.0,329589.0,0,0
2019-11-25,construction,24162,657.0,180.0,21159.0,0,0
2019-11-25,country_yard,328,1.0,0.0,0.0,0,0
2019-11-25,electronics,534392,32008.0,13388.0,5444082.0,0,0
2019-11-25,furniture,35050,643.0,236.0,46275.0,0,0
2019-11-25,kids,21185,511.0,165.0,13271.0,0,0
2019-11-25,medicine,387,19.0,8.0,377.0,0,0
2019-11-25,sport,5088,112.0,35.0,10441.0,0,0
2019-11-25,stationery,343,21.0,3.0,14.0,0,0
2019-11-26,Unknown,537291,22226.0,6506.0,760138.0,0,0
2019-11-26,accessories,9305,205.0,49.0,1796.0,0,0
2019-11-26,apparel,76203,1349.0,374.0,31130.0,0,0
2019-11-26,appliances,172256,6456.0,2133.0,339251.0,0,0
2019-11-26,auto,30723,822.0,283.0,36794.0,0,0
2019-11-26,computers,94467,2471.0,818.0,323364.0,0,0
2019-11-26,construction,26212,756.0,217.0,27142.0,0,0
2019-11-26,country_yard,486,3.0,0.0,0.0,0,0
2019-11-26,electronics,541096,33809.0,13438.0,5312193.0,0,0
2019-11-26,furniture,39749,772.0,209.0,40671.0,0,0
2019-11-26,kids,22606,579.0,165.0,15831.0,0,0
2019-11-26,medicine,517,23.0,10.0,446.0,0,0
2019-11-26,sport,5897,108.0,21.0,4586.0,0,0
2019-11-26,stationery,414,36.0,3.0,50.0,0,0
2019-11-27,Unknown,522539,20867.0,6180.0,790725.0,0,0
2019-11-27,accessories,9758,254.0,68.0,2719.0,0,0
2019-11-27,apparel,73008,1356.0,387.0,33165.0,0,0
2019-11-27,appliances,175442,6555.0,2152.0,356648.0,0,0
2019-11-27,auto,31003,894.0,289.0,39269.0,0,0
2019-11-27,computers,94562,2594.0,914.0,334347.0,0,0
2019-11-27,construction,25588,719.0,213.0,28405.0,0,0
2019-11-27,country_yard,303,1.0,0.0,0.0,0,0
2019-11-27,electronics,547630,34397.0,13786.0,5512552.0,0,0
2019-11-27,furniture,39127,686.0,223.0,37954.0,0,0
2019-11-27,kids,21407,606.0,185.0,16960.0,0,0
2019-11-27,medicine,673,28.0,9.0,419.0,0,0
2019-11-27,sport,5780,130.0,30.0,8036.0,0,0
2019-11-27,stationery,347,29.0,7.0,144.0,0,0
2019-11-28,Unknown,509050,20174.0,5911.0,734482.0,0,0
2019-11-28,accessories,9498,260.0,82.0,3225.0,0,0
2019-11-28,apparel,63460,1195.0,323.0,26959.0,0,0
2019-11-28,appliances,181096,6980.0,2235.0,373458.0,0,0
2019-11-28,auto,31437,884.0,271.0,32327.0,0,0
2019-11-28,computers,100492,2630.0,908.0,347691.0,0,0
2019-11-28,construction,25447,701.0,170.0,20614.0,0,0
2019-11-28,country_yard,271,4.0,1.0,25.0,0,0
2019-11-28,electronics,572420,34964.0,13972.0,5563131.0,0,0
2019-11-28,furniture,38480,736.0,220.0,41647.0,0,0
2019-11-28,kids,21771,637.0,167.0,14808.0,0,0
2019-11-28,medicine,707,60.0,18.0,748.0,0,0
2019-11-28,sport,5670,101.0,20.0,4477.0,0,0
2019-11-28,stationery,362,28.0,7.0,240.0,0,0
2019-11-29,Unknown,526330,22946.0,7018.0,894309.0,1,0
2019-11-29,accessories,9404,249.0,60.0,2401.0,1,0
2019-11-29,apparel,61829,1173.0,331.0,26074.0,1,0
2019-11-29,appliances,214008,9475.0,3297.0,559585.0,1,0
2019-11-29,auto,31001,891.0,314.0,40105.0,1,0
2019-11-29,computers,117238,4249.0,1424.0,509613.0,1,0
2019-11-29,construction,24184,837.0,240.0,34159.0,1,0
2019-11-29,country_yard,411,10.0,3.0,983.0,1,0
2019-11-29,electronics,675101,47233.0,18875.0,7485415.0,1,0
2019-11-29,furniture,38656,820.0,271.0,52010.0,1,0
2019-11-29,kids,21960,670.0,202.0,18224.0,1,0
2019-11-29,medicine,578,33.0,6.0,239.0,1,0
2019-11-29,sport,6571,175.0,60.0,12101.0,1,0
2019-11-29,stationery,540,22.0,6.0,99.0,1,0
2019-11-30,Unknown,524406,21646.0,6471.0,789105.0,0,0
2019-11-30,accessories,9748,177.0,53.0,2105.0,0,0
2019-11-30,apparel,62990,1204.0,320.0,26503.0,0,0
2019-11-30,appliances,194449,8883.0,2870.0,502368.0,0,0
2019-11-30,auto,28757,842.0,274.0,35006.0,0,0
2019-11-30,computers,107455,3508.0,1227.0,427819.0,0,0
2019-11-30,construction,23611,814.0,231.0,28603.0,0,0
2019-11-30,country_yard,389,2.0,0.0,0.0,0,0
2019-11-30,electronics,621797,40688.0,16188.0,6216277.0,0,0
2019-11-30,furniture,40925,919.0,285.0,51880.0,0,0
2019-11-30,kids,22414,591.0,186.0,14389.0,0,0
2019-11-30,medicine,708,48.0,14.0,690.0,0,0
2019-11-30,sport,6255,175.0,47.0,10056.0,0,0
2019-11-30,stationery,463,30.0,12.0,171.0,0,0
