date,hour,views,carts,purchases,revenue,is_black_friday,ventana_corrupta
2019-10-01,0,1070,3.0,10.0,2388.0,0,0
2019-10-01,1,121,0.0,0.0,0.0,0,0
2019-10-01,2,22297,242.0,316.0,85534.0,0,0
2019-10-01,3,47888,612.0,845.0,252050.0,0,0
2019-10-01,4,53324,831.0,1021.0,316665.0,0,0
2019-10-01,5,61147,1071.0,1276.0,404252.0,0,0
2019-10-01,6,63635,1099.0,1392.0,419255.0,0,0
2019-10-01,7,68476,1156.0,1409.0,446426.0,0,0
2019-10-01,8,70645,1315.0,1464.0,489228.0,0,0
2019-10-01,9,68370,1316.0,1478.0,504074.0,0,0
2019-10-01,10,63369,1121.0,1339.0,473258.0,0,0
2019-10-01,11,62052,975.0,1204.0,376913.0,0,0
2019-10-01,12,60690,1043.0,1119.0,394438.0,0,0
2019-10-01,13,64619,935.0,1055.0,354671.0,0,0
2019-10-01,14,76768,865.0,1017.0,320171.0,0,0
2019-10-01,15,91307,848.0,985.0,288232.0,0,0
2019-10-01,16,97221,804.0,961.0,320259.0,0,0
2019-10-01,17,84368,718.0,803.0,247675.0,0,0
2019-10-01,18,62301,481.0,608.0,220147.0,0,0
2019-10-01,19,39693,328.0,422.0,151567.0,0,0
2019-10-01,20,20458,179.0,251.0,89417.0,0,0
2019-10-01,21,12756,122.0,164.0,63449.0,0,0
2019-10-01,22,7335,81.0,102.0,33872.0,0,0
2019-10-01,23,6178,48.0,64.0,21636.0,0,0
2019-10-02,0,9948,72.0,94.0,31017.0,0,0
2019-10-02,1,19029,134.0,183.0,58747.0,0,0
2019-10-02,2,32277,328.0,425.0,112035.0,0,0
2019-10-02,3,43062,649.0,824.0,227935.0,0,0
2019-10-02,4,53724,829.0,1115.0,319197.0,0,0
2019-10-02,5,58726,1031.0,1315.0,423417.0,0,0
2019-10-02,6,62934,1196.0,1458.0,481744.0,0,0
2019-10-02,7,62977,1153.0,1330.0,414792.0,0,0
2019-10-02,8,64436,1222.0,1320.0,405222.0,0,0
2019-10-02,9,65483,1321.0,1588.0,525104.0,0,0
2019-10-02,10,61880,1308.0,1467.0,492673.0,0,0
2019-10-02,11,55554,988.0,1164.0,371083.0,0,0
2019-10-02,12,54850,998.0,1062.0,369725.0,0,0
2019-10-02,13,60852,979.0,923.0,321424.0,0,0
2019-10-02,14,73318,878.0,971.0,305396.0,0,0
2019-10-02,15,83262,843.0,1023.0,302245.0,0,0
2019-10-02,16,86259,884.0,919.0,268879.0,0,0
2019-10-02,17,75931,712.0,844.0,280257.0,0,0
2019-10-02,18,54206,509.0,517.0,168028.0,0,0
2019-10-02,19,32419,381.0,430.0,158346.0,0,0
2019-10-02,20,18266,182.0,193.0,78567.0,0,0
2019-10-02,21,10845,114.0,152.0,46003.0,0,0
2019-10-02,22,6747,99.0,89.0,30547.0,0,0
2019-10-02,23,5707,61.0,63.0,21244.0,0,0
2019-10-03,0,8858,89.0,98.0,28466.0,0,0
2019-10-03,1,10657,111.0,113.0,34686.0,0,0
2019-10-03,2,28959,370.0,428.0,115456.0,0,0
2019-10-03,3,40623,671.0,879.0,270883.0,0,0
2019-10-03,4,49436,943.0,1070.0,326560.0,0,0
2019-10-03,5,53601,1039.0,1187.0,390376.0,0,0
2019-10-03,6,56692,1180.0,1357.0,435371.0,0,0
2019-10-03,7,57091,1236.0,1273.0,409478.0,0,0
2019-10-03,8,59319,1272.0,1470.0,464510.0,0,0
2019-10-03,9,57348,1340.0,1459.0,479098.0,0,0
2019-10-03,10,54584,1180.0,1303.0,425026.0,0,0
2019-10-03,11,52909,1035.0,1179.0,384549.0,0,0
2019-10-03,12,51419,974.0,983.0,313432.0,0,0
2019-10-03,13,55552,869.0,973.0,318456.0,0,0
2019-10-03,14,66156,854.0,897.0,283279.0,0,0
2019-10-03,15,81896,868.0,954.0,308106.0,0,0
2019-10-03,16,84431,864.0,806.0,265772.0,0,0
2019-10-03,17,74980,639.0,780.0,255335.0,0,0
2019-10-03,18,59638,1277.0,806.0,272356.0,0,0
2019-10-03,19,37718,842.0,516.0,184430.0,0,0
2019-10-03,20,19691,463.0,311.0,107047.0,0,0
2019-10-03,21,11722,257.0,179.0,79585.0,0,0
2019-10-03,22,7683,166.0,109.0,43736.0,0,0
2019-10-03,23,6351,163.0,125.0,37791.0,0,0
2019-10-04,0,9999,241.0,118.0,35890.0,0,0
2019-10-04,1,19649,432.0,274.0,82876.0,0,0
2019-10-04,2,27405,871.0,515.0,147835.0,0,0
2019-10-04,3,52401,1670.0,1136.0,317820.0,0,0
2019-10-04,4,60957,2129.0,1440.0,404246.0,0,0
2019-10-04,5,65461,2277.0,1620.0,475853.0,0,0
2019-10-04,6,64157,2324.0,1666.0,542210.0,0,0
2019-10-04,7,68023,2236.0,1664.0,490126.0,0,0
2019-10-04,8,70778,2704.0,1837.0,565764.0,0,0
2019-10-04,9,78654,3287.0,2128.0,753127.0,0,0
2019-10-04,10,78082,3108.0,1978.0,659098.0,0,0
2019-10-04,11,75898,3123.0,1906.0,649372.0,0,0
2019-10-04,12,75099,3136.0,1797.0,591274.0,0,0
2019-10-04,13,84153,3115.0,1790.0,610390.0,0,0
2019-10-04,14,87537,2512.0,1406.0,482975.0,0,0
2019-10-04,15,92004,2235.0,1302.0,394358.0,0,0
2019-10-04,16,95068,2192.0,1260.0,381647.0,0,0
2019-10-04,17,85104,1859.0,1078.0,348798.0,0,0
2019-10-04,18,61134,1199.0,761.0,228435.0,0,0
2019-10-04,19,40768,889.0,589.0,194160.0,0,0
2019-10-04,20,23935,521.0,336.0,103890.0,0,0
2019-10-04,21,13105,286.0,216.0,74750.0,0,0
2019-10-04,22,8392,183.0,120.0,40968.0,0,0
2019-10-04,23,6964,125.0,102.0,47196.0,0,0
2019-10-05,0,9936,162.0,118.0,38604.0,0,0
2019-10-05,1,19927,391.0,241.0,77085.0,0,0
2019-10-05,2,36155,769.0,452.0,125148.0,0,0
2019-10-05,3,48414,1449.0,968.0,284129.0,0,0
2019-10-05,4,58680,2017.0,1443.0,438130.0,0,0
2019-10-05,5,63416,2358.0,1531.0,469609.0,0,0
2019-10-05,6,66834,2390.0,1648.0,537750.0,0,0
2019-10-05,7,69058,2554.0,1854.0,557935.0,0,0
2019-10-05,8,69667,2602.0,1799.0,583584.0,0,0
2019-10-05,9,67907,2447.0,1729.0,544898.0,0,0
2019-10-05,10,67530,2222.0,1629.0,515545.0,0,0
2019-10-05,11,64863,2222.0,1442.0,479609.0,0,0
2019-10-05,12,63467,1838.0,1266.0,419567.0,0,0
2019-10-05,13,66620,1684.0,1136.0,372014.0,0,0
2019-10-05,14,75608,1781.0,1107.0,346542.0,0,0
2019-10-05,15,83388,1540.0,1028.0,269902.0,0,0
2019-10-05,16,88486,1606.0,1014.0,299913.0,0,0
2019-10-05,17,82599,1437.0,963.0,288347.0,0,0
2019-10-05,18,63431,1245.0,785.0,241573.0,0,0
2019-10-05,19,43595,755.0,507.0,167859.0,0,0
2019-10-05,20,27213,527.0,384.0,138045.0,0,0
2019-10-05,21,16033,273.0,226.0,64024.0,0,0
2019-10-05,22,9796,160.0,145.0,57291.0,0,0
2019-10-05,23,7367,131.0,77.0,23993.0,0,0
2019-10-06,0,8985,88.0,74.0,25535.0,0,0
2019-10-06,1,18039,255.0,161.0,38991.0,0,0
2019-10-06,2,31937,511.0,384.0,98472.0,0,0
2019-10-06,3,38941,1037.0,696.0,202903.0,0,0
2019-10-06,4,56884,1619.0,1155.0,346452.0,0,0
2019-10-06,5,63854,2141.0,1520.0,429250.0,0,0
2019-10-06,6,71895,2363.0,1552.0,462305.0,0,0
2019-10-06,7,71561,2402.0,1675.0,508308.0,0,0
2019-10-06,8,70689,2417.0,1698.0,508115.0,0,0
2019-10-06,9,70531,2462.0,1701.0,526914.0,0,0
2019-10-06,10,68250,2346.0,1606.0,505010.0,0,0
2019-10-06,11,67228,2140.0,1520.0,465560.0,0,0
2019-10-06,12,66778,2005.0,1366.0,425426.0,0,0
2019-10-06,13,67132,1550.0,1084.0,334136.0,0,0
2019-10-06,14,76330,1749.0,1029.0,343230.0,0,0
2019-10-06,15,84531,1697.0,1128.0,323340.0,0,0
2019-10-06,16,93733,1569.0,1137.0,317124.0,0,0
2019-10-06,17,84177,1325.0,919.0,277347.0,0,0
2019-10-06,18,63594,549.0,686.0,220077.0,0,0
2019-10-06,19,38465,344.0,463.0,155295.0,0,0
2019-10-06,20,21551,161.0,233.0,68023.0,0,0
2019-10-06,21,13537,118.0,180.0,72754.0,0,0
2019-10-06,22,7771,79.0,101.0,42675.0,0,0
2019-10-06,23,6538,66.0,101.0,40015.0,0,0
2019-10-07,0,9102,58.0,103.0,33385.0,0,0
2019-10-07,1,18215,144.0,184.0,53579.0,0,0
2019-10-07,2,30774,304.0,394.0,118562.0,0,0
2019-10-07,3,43585,675.0,841.0,233807.0,0,0
2019-10-07,4,52596,948.0,1273.0,347668.0,0,0
2019-10-07,5,56964,1251.0,1361.0,411686.0,0,0
2019-10-07,6,58805,1271.0,1469.0,444843.0,0,0
2019-10-07,7,61752,1326.0,1603.0,485393.0,0,0
2019-10-07,8,63943,1258.0,1590.0,455787.0,0,0
2019-10-07,9,62715,1283.0,1639.0,510091.0,0,0
2019-10-07,10,61100,1228.0,1514.0,451752.0,0,0
2019-10-07,11,57636,1058.0,1382.0,410542.0,0,0
2019-10-07,12,54304,1026.0,1172.0,354722.0,0,0
2019-10-07,13,61852,943.0,1153.0,331879.0,0,0
2019-10-07,14,74226,969.0,1026.0,288921.0,0,0
2019-10-07,15,88118,963.0,1110.0,318255.0,0,0
2019-10-07,16,88702,892.0,1010.0,278122.0,0,0
2019-10-07,17,77659,682.0,870.0,267852.0,0,0
2019-10-07,18,58483,544.0,687.0,200868.0,0,0
2019-10-07,19,36939,324.0,418.0,139790.0,0,0
2019-10-07,20,19040,222.0,277.0,110218.0,0,0
2019-10-07,21,9873,86.0,141.0,48669.0,0,0
2019-10-07,22,6674,62.0,79.0,29867.0,0,0
2019-10-07,23,6133,53.0,82.0,21930.0,0,0
2019-10-08,0,8940,50.0,64.0,20414.0,0,0
2019-10-08,1,19645,169.0,205.0,46824.0,0,0
2019-10-08,2,32953,317.0,493.0,134288.0,0,0
2019-10-08,3,44244,795.0,919.0,287418.0,0,0
2019-10-08,4,54537,969.0,1255.0,371982.0,0,0
2019-10-08,5,66089,1059.0,1507.0,425982.0,0,0
2019-10-08,6,73074,1248.0,1615.0,473123.0,0,0
2019-10-08,7,76535,1203.0,1678.0,500607.0,0,0
2019-10-08,8,75685,1353.0,1684.0,510545.0,0,0
2019-10-08,9,75337,1359.0,1829.0,551742.0,0,0
2019-10-08,10,70848,1152.0,1598.0,451662.0,0,0
2019-10-08,11,68944,1158.0,1429.0,432152.0,0,0
2019-10-08,12,67567,1093.0,1352.0,384337.0,0,0
2019-10-08,13,76545,1044.0,1224.0,360855.0,0,0
2019-10-08,14,86041,934.0,1162.0,338438.0,0,0
2019-10-08,15,93883,980.0,1121.0,302417.0,0,0
2019-10-08,16,98346,922.0,1135.0,317211.0,0,0
2019-10-08,17,86111,775.0,967.0,280144.0,0,0
2019-10-08,18,63742,540.0,733.0,233678.0,0,0
2019-10-08,19,38350,344.0,512.0,181147.0,0,0
2019-10-08,20,20404,190.0,245.0,83086.0,0,0
2019-10-08,21,11662,131.0,155.0,64277.0,0,0
2019-10-08,22,7864,118.0,118.0,37981.0,0,0
2019-10-08,23,6111,49.0,71.0,29392.0,0,0
2019-10-09,0,10182,63.0,81.0,20403.0,0,0
2019-10-09,1,20195,181.0,199.0,49270.0,0,0
2019-10-09,2,34585,364.0,478.0,127867.0,0,0
2019-10-09,3,47556,719.0,975.0,280300.0,0,0
2019-10-09,4,59032,954.0,1311.0,379111.0,0,0
2019-10-09,5,67994,1116.0,1501.0,444028.0,0,0
2019-10-09,6,70139,1276.0,1672.0,474596.0,0,0
2019-10-09,7,72770,1221.0,1711.0,540592.0,0,0
2019-10-09,8,74458,1393.0,1707.0,493296.0,0,0
2019-10-09,9,73283,1416.0,1725.0,546089.0,0,0
2019-10-09,10,70825,1227.0,1619.0,515015.0,0,0
2019-10-09,11,67298,1091.0,1316.0,398839.0,0,0
2019-10-09,12,64430,1097.0,1266.0,395460.0,0,0
2019-10-09,13,69901,1078.0,1232.0,366044.0,0,0
2019-10-09,14,80066,948.0,1100.0,323978.0,0,0
2019-10-09,15,94095,973.0,1143.0,352208.0,0,0
2019-10-09,16,93002,808.0,1049.0,295614.0,0,0
2019-10-09,17,83368,698.0,868.0,253283.0,0,0
2019-10-09,18,61791,526.0,717.0,199882.0,0,0
2019-10-09,19,38131,317.0,436.0,154205.0,0,0
2019-10-09,20,21118,201.0,280.0,102075.0,0,0
2019-10-09,21,12237,82.0,153.0,67289.0,0,0
2019-10-09,22,8100,84.0,131.0,51731.0,0,0
2019-10-09,23,6758,53.0,77.0,24150.0,0,0
2019-10-10,0,10457,67.0,88.0,28060.0,0,0
2019-10-10,1,15805,165.0,145.0,42325.0,0,0
2019-10-10,2,34871,361.0,476.0,127295.0,0,0
2019-10-10,3,48579,717.0,932.0,277532.0,0,0
2019-10-10,4,58782,978.0,1230.0,343338.0,0,0
2019-10-10,5,61415,1120.0,1413.0,430204.0,0,0
2019-10-10,6,63118,1255.0,1532.0,449543.0,0,0
2019-10-10,7,64167,1311.0,1617.0,490764.0,0,0
2019-10-10,8,65852,1309.0,1635.0,486600.0,0,0
2019-10-10,9,63671,1321.0,1465.0,430780.0,0,0
2019-10-10,10,60069,1208.0,1446.0,462344.0,0,0
2019-10-10,11,59251,1101.0,1274.0,408347.0,0,0
2019-10-10,12,55742,1010.0,1119.0,361010.0,0,0
2019-10-10,13,66398,1023.0,1098.0,337396.0,0,0
2019-10-10,14,79096,929.0,1095.0,337693.0,0,0
2019-10-10,15,91079,1023.0,1172.0,313856.0,0,0
2019-10-10,16,94309,863.0,1065.0,319071.0,0,0
2019-10-10,17,84589,733.0,890.0,262782.0,0,0
2019-10-10,18,66205,726.0,841.0,246012.0,0,0
2019-10-10,19,42362,410.0,587.0,200451.0,0,0
2019-10-10,20,24122,275.0,339.0,111533.0,0,0
2019-10-10,21,13752,185.0,252.0,94174.0,0,0
2019-10-10,22,9060,157.0,188.0,74907.0,0,0
2019-10-10,23,7536,89.0,93.0,29397.0,0,0
2019-10-11,0,11710,92.0,141.0,44266.0,0,0
2019-10-11,1,23268,278.0,277.0,71084.0,0,0
2019-10-11,2,36417,440.0,559.0,155207.0,0,0
2019-10-11,3,53453,874.0,1133.0,335170.0,0,0
2019-10-11,4,64434,1101.0,1535.0,442576.0,0,0
2019-10-11,5,75266,1446.0,1826.0,519563.0,0,0
2019-10-11,6,79948,1537.0,1872.0,525804.0,0,0
2019-10-11,7,77145,1670.0,1871.0,530438.0,0,0
2019-10-11,8,80833,1411.0,1829.0,568042.0,0,0
2019-10-11,9,81694,1644.0,1936.0,558234.0,0,0
2019-10-11,10,76618,1296.0,1750.0,513919.0,0,0
2019-10-11,11,74902,1241.0,1691.0,490036.0,0,0
2019-10-11,12,71868,1103.0,1378.0,421033.0,0,0
2019-10-11,13,83385,1160.0,1388.0,431884.0,0,0
2019-10-11,14,97167,1098.0,1300.0,373138.0,0,0
2019-10-11,15,101984,1057.0,1305.0,360207.0,0,0
2019-10-11,16,100682,955.0,1238.0,361193.0,0,0
2019-10-11,17,88375,787.0,1051.0,316967.0,0,0
2019-10-11,18,67669,608.0,825.0,269480.0,0,0
2019-10-11,19,42705,338.0,502.0,163176.0,0,0
2019-10-11,20,24430,231.0,358.0,111645.0,0,0
2019-10-11,21,15198,207.0,235.0,76103.0,0,0
2019-10-11,22,9202,97.0,135.0,45087.0,0,0
2019-10-11,23,6755,62.0,89.0,31957.0,0,0
2019-10-12,0,10096,112.0,114.0,56634.0,0,0
2019-10-12,1,22544,197.0,212.0,57571.0,0,0
2019-10-12,2,38624,401.0,414.0,103334.0,0,0
2019-10-12,3,53864,776.0,1024.0,267521.0,0,0
2019-10-12,4,68747,1068.0,1425.0,374930.0,0,0
2019-10-12,5,79690,1399.0,1712.0,448998.0,0,0
2019-10-12,6,81133,1309.0,1833.0,520093.0,0,0
2019-10-12,7,82198,1537.0,1952.0,565601.0,0,0
2019-10-12,8,81124,1525.0,1970.0,611645.0,0,0
2019-10-12,9,76016,1559.0,1851.0,582642.0,0,0
2019-10-12,10,75563,1422.0,1712.0,505622.0,0,0
2019-10-12,11,74015,1293.0,1625.0,461874.0,0,0
2019-10-12,12,71391,1137.0,1440.0,419029.0,0,0
2019-10-12,13,73159,1099.0,1321.0,381893.0,0,0
2019-10-12,14,82767,923.0,1195.0,330924.0,0,0
2019-10-12,15,94358,948.0,1226.0,330132.0,0,0
2019-10-12,16,98917,882.0,1125.0,293544.0,0,0
2019-10-12,17,91651,819.0,1102.0,303343.0,0,0
2019-10-12,18,67030,662.0,824.0,271936.0,0,0
2019-10-12,19,45770,380.0,517.0,169439.0,0,0
2019-10-12,20,28454,201.0,350.0,105789.0,0,0
2019-10-12,21,17421,154.0,207.0,73025.0,0,0
2019-10-12,22,10305,109.0,138.0,44746.0,0,0
2019-10-12,23,7424,86.0,84.0,27426.0,0,0
2019-10-13,0,8549,97.0,94.0,37909.0,0,0
2019-10-13,1,18038,148.0,195.0,49897.0,0,0
2019-10-13,2,35960,349.0,435.0,109980.0,0,0
2019-10-13,3,53570,652.0,868.0,273707.0,0,0
2019-10-13,4,68911,1081.0,1350.0,380480.0,0,0
2019-10-13,5,74617,1187.0,1702.0,467552.0,0,0
2019-10-13,6,78918,1382.0,1785.0,483174.0,0,0
2019-10-13,7,93813,1538.0,2074.0,559681.0,0,0
2019-10-13,8,103703,1821.0,2355.0,649295.0,0,0
2019-10-13,9,107956,1949.0,2440.0,726141.0,0,0
2019-10-13,10,108657,1964.0,2450.0,701450.0,0,0
2019-10-13,11,93337,1553.0,2070.0,557603.0,0,0
2019-10-13,12,81914,1288.0,1785.0,493544.0,0,0
2019-10-13,13,85203,1169.0,1642.0,445547.0,0,0
2019-10-13,14,91912,1017.0,1459.0,354436.0,0,0
2019-10-13,15,101664,1091.0,1466.0,414233.0,0,0
2019-10-13,16,105808,1009.0,1485.0,386937.0,0,0
2019-10-13,17,97020,885.0,1346.0,363853.0,0,0
2019-10-13,18,72433,1469.0,902.0,345881.0,0,0
2019-10-13,19,45149,1089.0,744.0,296962.0,0,0
2019-10-13,20,25697,618.0,421.0,153839.0,0,0
2019-10-13,21,15071,391.0,249.0,104113.0,0,0
2019-10-13,22,8451,226.0,144.0,60959.0,0,0
2019-10-13,23,7149,151.0,100.0,40433.0,0,0
2019-10-14,0,10305,184.0,113.0,38002.0,0,0
2019-10-14,1,19643,467.0,223.0,76869.0,0,0
2019-10-14,2,35433,972.0,587.0,181664.0,0,0
2019-10-14,3,51042,1761.0,1166.0,378996.0,0,0
2019-10-14,4,64401,2319.0,1693.0,526495.0,0,0
2019-10-14,5,68257,2527.0,1775.0,544963.0,0,0
2019-10-14,6,71932,2744.0,1765.0,569102.0,0,0
2019-10-14,7,72723,2897.0,1901.0,624283.0,0,0
2019-10-14,8,75502,3275.0,2185.0,738088.0,0,0
2019-10-14,9,76620,3264.0,2370.0,764370.0,0,0
2019-10-14,10,73232,2948.0,2124.0,696968.0,0,0
2019-10-14,11,67634,2776.0,1872.0,635585.0,0,0
2019-10-14,12,66676,2504.0,1622.0,555110.0,0,0
2019-10-14,13,76045,2447.0,1507.0,526852.0,0,0
2019-10-14,14,90875,2436.0,1382.0,446648.0,0,0
2019-10-14,15,103976,2537.0,1389.0,427898.0,0,0
2019-10-14,16,103317,2378.0,1355.0,439188.0,0,0
2019-10-14,17,91533,1896.0,1166.0,370996.0,0,0
2019-10-14,18,67308,1340.0,892.0,311626.0,0,0
2019-10-14,19,40126,804.0,584.0,217750.0,0,0
2019-10-14,20,22091,445.0,304.0,117165.0,0,0
2019-10-14,21,12794,298.0,214.0,96144.0,0,0
2019-10-14,22,8118,186.0,146.0,52733.0,0,0
2019-10-14,23,6611,149.0,70.0,19197.0,0,0
2019-10-15,0,10432,231.0,113.0,44247.0,0,0
2019-10-15,1,19649,407.0,214.0,69693.0,0,0
2019-10-15,2,36360,849.0,518.0,153597.0,0,0
2019-10-15,3,49493,1644.0,1141.0,340635.0,0,0
2019-10-15,4,60900,2191.0,1494.0,444322.0,0,0
2019-10-15,5,69405,2550.0,1766.0,582519.0,0,0
2019-10-15,6,77780,3084.0,2067.0,690764.0,0,0
2019-10-15,7,82993,3216.0,2052.0,673099.0,0,0
2019-10-15,8,84778,3394.0,2251.0,718893.0,0,0
2019-10-15,9,84712,3794.0,2041.0,693512.0,0,0
2019-10-15,10,82157,3546.0,1451.0,504964.0,0,0
2019-10-15,11,78409,3240.0,1325.0,438172.0,0,0
2019-10-15,12,77442,3293.0,1234.0,412962.0,0,0
2019-10-15,13,87061,3115.0,1115.0,383548.0,0,0
2019-10-15,14,98341,3136.0,1052.0,341682.0,0,0
2019-10-15,15,104798,2596.0,1448.0,457066.0,0,0
2019-10-15,16,107805,2340.0,1492.0,426862.0,0,0
2019-10-15,17,88976,1970.0,1138.0,373309.0,0,0
2019-10-15,18,68265,1438.0,969.0,345152.0,0,0
2019-10-15,19,43449,948.0,653.0,249801.0,0,0
2019-10-15,20,22385,496.0,405.0,146733.0,0,0
2019-10-15,21,12390,282.0,216.0,82451.0,0,0
2019-10-15,22,7364,140.0,90.0,35449.0,0,0
2019-10-15,23,6993,132.0,126.0,43440.0,0,0
2019-10-16,0,11071,201.0,129.0,43295.0,0,0
2019-10-16,1,21839,465.0,250.0,70426.0,0,0
2019-10-16,2,36368,864.0,601.0,163840.0,0,0
2019-10-16,3,53500,1592.0,1159.0,360026.0,0,0
2019-10-16,4,63924,2002.0,1593.0,478358.0,0,0
2019-10-16,5,68939,2588.0,1829.0,554685.0,0,0
2019-10-16,6,72760,2705.0,1959.0,607765.0,0,0
2019-10-16,7,78129,3059.0,2167.0,644604.0,0,0
2019-10-16,8,83416,3195.0,2267.0,712921.0,0,0
2019-10-16,9,83216,3245.0,2561.0,818674.0,0,0
2019-10-16,10,80562,2936.0,2283.0,682809.0,0,0
2019-10-16,11,75892,2900.0,2105.0,696578.0,0,0
2019-10-16,12,73603,2941.0,2137.0,664333.0,0,0
2019-10-16,13,84122,2811.0,1913.0,589407.0,0,0
2019-10-16,14,92249,2501.0,1638.0,518612.0,0,0
2019-10-16,15,103653,2517.0,1614.0,452997.0,0,0
2019-10-16,16,104627,2333.0,1492.0,442307.0,0,0
2019-10-16,17,94394,1795.0,1300.0,401140.0,0,0
2019-10-16,18,69857,1316.0,948.0,305915.0,0,0
2019-10-16,19,42561,923.0,661.0,249405.0,0,0
2019-10-16,20,21462,440.0,295.0,111868.0,0,0
2019-10-16,21,12340,321.0,259.0,90284.0,0,0
2019-10-16,22,8575,170.0,140.0,48218.0,0,0
2019-10-16,23,6203,109.0,93.0,38700.0,0,0
2019-10-17,0,9702,188.0,105.0,31397.0,0,0
2019-10-17,1,10284,257.0,127.0,32593.0,0,0
2019-10-17,2,35516,730.0,552.0,158633.0,0,0
2019-10-17,3,50127,1517.0,1125.0,300520.0,0,0
2019-10-17,4,60632,2154.0,1638.0,489480.0,0,0
2019-10-17,5,68747,2591.0,2014.0,628686.0,0,0
2019-10-17,6,71344,2573.0,2145.0,657715.0,0,0
2019-10-17,7,73342,2744.0,1983.0,615368.0,0,0
2019-10-17,8,74829,2837.0,2044.0,672173.0,0,0
2019-10-17,9,71782,2932.0,2283.0,741753.0,0,0
2019-10-17,10,70961,2547.0,1862.0,606429.0,0,0
2019-10-17,11,68385,2469.0,1850.0,617532.0,0,0
2019-10-17,12,63613,2070.0,1475.0,465289.0,0,0
2019-10-17,13,73360,2142.0,1479.0,489630.0,0,0
2019-10-17,14,86720,2087.0,1390.0,456836.0,0,0
2019-10-17,15,96219,2201.0,1371.0,421390.0,0,0
2019-10-17,16,100232,2100.0,1281.0,404863.0,0,0
2019-10-17,17,91090,1795.0,1166.0,354795.0,0,0
2019-10-17,18,67010,1325.0,910.0,324365.0,0,0
2019-10-17,19,42253,953.0,643.0,227048.0,0,0
2019-10-17,20,23239,484.0,377.0,125790.0,0,0
2019-10-17,21,12161,266.0,221.0,86514.0,0,0
2019-10-17,22,8565,187.0,158.0,61483.0,0,0
2019-10-17,23,7004,122.0,118.0,55737.0,0,0
2019-10-18,0,8840,154.0,80.0,25530.0,0,0
2019-10-18,1,8909,188.0,135.0,42057.0,0,0
2019-10-18,2,35582,811.0,511.0,144731.0,0,0
2019-10-18,3,49741,1470.0,1082.0,311404.0,0,0
2019-10-18,4,61028,2027.0,1418.0,397514.0,0,0
2019-10-18,5,66194,2394.0,1740.0,531153.0,0,0
2019-10-18,6,71543,2454.0,1737.0,529092.0,0,0
2019-10-18,7,76650,2491.0,1838.0,622109.0,0,0
2019-10-18,8,79237,2707.0,1928.0,641394.0,0,0
2019-10-18,9,80817,2671.0,1857.0,601624.0,0,0
2019-10-18,10,76534,2523.0,1705.0,516663.0,0,0
2019-10-18,11,73558,2421.0,1675.0,557454.0,0,0
2019-10-18,12,75842,2346.0,1494.0,476434.0,0,0
2019-10-18,13,83981,2225.0,1431.0,446446.0,0,0
2019-10-18,14,94986,2227.0,1354.0,410084.0,0,0
2019-10-18,15,101667,2332.0,1288.0,400366.0,0,0
2019-10-18,16,102602,2201.0,1223.0,364707.0,0,0
2019-10-18,17,93513,1845.0,1138.0,347916.0,0,0
2019-10-18,18,68736,1310.0,834.0,299743.0,0,0
2019-10-18,19,45171,943.0,621.0,231994.0,0,0
2019-10-18,20,26459,544.0,344.0,102298.0,0,0
2019-10-18,21,14887,250.0,190.0,74167.0,0,0
2019-10-18,22,8964,188.0,138.0,52273.0,0,0
2019-10-18,23,7890,140.0,88.0,27631.0,0,0
2019-10-19,0,9810,207.0,87.0,26648.0,0,0
2019-10-19,1,20839,375.0,191.0,44092.0,0,0
2019-10-19,2,36462,729.0,439.0,119657.0,0,0
2019-10-19,3,52099,1423.0,982.0,281724.0,0,0
2019-10-19,4,63318,1965.0,1376.0,408346.0,0,0
2019-10-19,5,69487,2567.0,1568.0,462059.0,0,0
2019-10-19,6,73280,2479.0,1803.0,539794.0,0,0
2019-10-19,7,73663,2587.0,1814.0,572025.0,0,0
2019-10-19,8,74605,2631.0,1788.0,529211.0,0,0
2019-10-19,9,74887,2778.0,1844.0,593576.0,0,0
2019-10-19,10,73309,2697.0,1802.0,576684.0,0,0
2019-10-19,11,70739,2431.0,1635.0,512799.0,0,0
2019-10-19,12,68131,1980.0,1296.0,414514.0,0,0
2019-10-19,13,74633,2077.0,1253.0,403852.0,0,0
2019-10-19,14,83594,2082.0,1207.0,371604.0,0,0
2019-10-19,15,92002,2159.0,1236.0,371366.0,0,0
2019-10-19,16,95015,2055.0,1162.0,340996.0,0,0
2019-10-19,17,86846,1634.0,952.0,293248.0,0,0
2019-10-19,18,72423,1321.0,826.0,262131.0,0,0
2019-10-19,19,49012,835.0,542.0,164692.0,0,0
2019-10-19,20,30110,567.0,392.0,122931.0,0,0
2019-10-19,21,18563,346.0,236.0,80653.0,0,0
2019-10-19,22,11036,206.0,121.0,33508.0,0,0
2019-10-19,23,8465,144.0,105.0,36368.0,0,0
2019-10-20,0,9799,190.0,90.0,25452.0,0,0
2019-10-20,1,19275,268.0,173.0,42633.0,0,0
2019-10-20,2,38245,702.0,385.0,105430.0,0,0
2019-10-20,3,56037,1454.0,931.0,265517.0,0,0
2019-10-20,4,73061,2028.0,1308.0,359162.0,0,0
2019-10-20,5,76078,2722.0,1766.0,471406.0,0,0
2019-10-20,6,71628,2587.0,1675.0,469143.0,0,0
2019-10-20,7,80036,2792.0,1854.0,549632.0,0,0
2019-10-20,8,79835,2879.0,1867.0,534259.0,0,0
2019-10-20,9,79424,2967.0,1796.0,541490.0,0,0
2019-10-20,10,77409,2784.0,1842.0,539563.0,0,0
2019-10-20,11,73748,2445.0,1634.0,519984.0,0,0
2019-10-20,12,73343,2252.0,1510.0,450731.0,0,0
2019-10-20,13,79590,2090.0,1226.0,400428.0,0,0
2019-10-20,14,87214,1962.0,1275.0,371580.0,0,0
2019-10-20,15,96622,2095.0,1270.0,378990.0,0,0
2019-10-20,16,101432,1918.0,1128.0,335546.0,0,0
2019-10-20,17,94172,1784.0,1056.0,341645.0,0,0
2019-10-20,18,74076,1431.0,888.0,296494.0,0,0
2019-10-20,19,46945,954.0,658.0,218100.0,0,0
2019-10-20,20,24634,494.0,323.0,112040.0,0,0
2019-10-20,21,14421,304.0,257.0,111468.0,0,0
2019-10-20,22,9268,162.0,106.0,45476.0,0,0
2019-10-20,23,7471,110.0,79.0,29001.0,0,0
2019-10-21,0,11733,176.0,100.0,34918.0,0,0
2019-10-21,1,24053,303.0,177.0,52006.0,0,0
2019-10-21,2,40234,682.0,504.0,150420.0,0,0
2019-10-21,3,53019,1439.0,1074.0,308837.0,0,0
2019-10-21,4,58254,1925.0,1437.0,436184.0,0,0
2019-10-21,5,66129,2258.0,1759.0,520618.0,0,0
2019-10-21,6,67014,2402.0,1782.0,543666.0,0,0
2019-10-21,7,59333,2210.0,1492.0,468464.0,0,0
2019-10-21,8,64897,2598.0,1746.0,534536.0,0,0
2019-10-21,9,70341,2275.0,1806.0,565545.0,0,0
2019-10-21,10,70325,2506.0,1868.0,603503.0,0,0
2019-10-21,11,66394,2214.0,1613.0,515380.0,0,0
2019-10-21,12,66657,2137.0,1457.0,506244.0,0,0
2019-10-21,13,71227,1768.0,1345.0,425427.0,0,0
2019-10-21,14,88257,2050.0,1321.0,402642.0,0,0
2019-10-21,15,101584,2166.0,1325.0,386419.0,0,0
2019-10-21,16,102227,1784.0,1294.0,400168.0,0,0
2019-10-21,17,90649,1592.0,1036.0,323878.0,0,0
2019-10-21,18,71740,1259.0,783.0,252236.0,0,0
2019-10-21,19,43351,773.0,535.0,159356.0,0,0
2019-10-21,20,23778,466.0,312.0,126631.0,0,0
2019-10-21,21,13902,269.0,217.0,77547.0,0,0
2019-10-21,22,9425,120.0,99.0,38115.0,0,0
2019-10-21,23,8062,113.0,83.0,29404.0,0,0
2019-10-22,0,12551,185.0,133.0,43257.0,0,0
2019-10-22,1,15900,237.0,123.0,33740.0,0,0
2019-10-22,2,33961,648.0,522.0,138505.0,0,0
2019-10-22,3,47795,1322.0,1015.0,276978.0,0,0
2019-10-22,4,58746,1895.0,1400.0,431512.0,0,0
2019-10-22,5,68842,2120.0,1677.0,502149.0,0,0
2019-10-22,6,73614,2572.0,1815.0,555560.0,0,0
2019-10-22,7,73603,2463.0,1809.0,548208.0,0,0
2019-10-22,8,74456,2493.0,1822.0,565386.0,0,0
2019-10-22,9,73147,2479.0,1802.0,605635.0,0,0
2019-10-22,10,69182,2431.0,1814.0,551775.0,0,0
2019-10-22,11,67597,2409.0,1628.0,507203.0,0,0
2019-10-22,12,66182,2092.0,1361.0,443012.0,0,0
2019-10-22,13,76890,2110.0,1337.0,429731.0,0,0
2019-10-22,14,87700,1912.0,1293.0,403152.0,0,0
2019-10-22,15,99002,2174.0,1368.0,384441.0,0,0
2019-10-22,16,100564,1982.0,1349.0,431160.0,0,0
2019-10-22,17,86511,1604.0,1014.0,314316.0,0,0
2019-10-22,18,73168,1241.0,867.0,283800.0,0,0
2019-10-22,19,44622,674.0,499.0,172550.0,0,0
2019-10-22,20,22807,404.0,320.0,124582.0,0,0
2019-10-22,21,13587,334.0,218.0,91393.0,0,0
2019-10-22,22,5380,105.0,87.0,39013.0,0,0
2019-10-22,23,7187,133.0,110.0,36615.0,0,0
2019-10-23,0,10145,150.0,103.0,30670.0,0,0
2019-10-23,1,15485,247.0,166.0,58682.0,0,0
2019-10-23,2,34452,696.0,458.0,120812.0,0,0
2019-10-23,3,47802,1292.0,1030.0,308589.0,0,0
2019-10-23,4,56625,1744.0,1375.0,391538.0,0,0
2019-10-23,5,65070,2155.0,1582.0,477709.0,0,0
2019-10-23,6,71236,2458.0,1768.0,528922.0,0,0
2019-10-23,7,73949,2491.0,1760.0,527647.0,0,0
2019-10-23,8,72172,2657.0,1827.0,522694.0,0,0
2019-10-23,9,72239,2493.0,1786.0,551833.0,0,0
2019-10-23,10,68308,2438.0,1775.0,568256.0,0,0
2019-10-23,11,65311,2130.0,1488.0,495791.0,0,0
2019-10-23,12,66367,2094.0,1408.0,447819.0,0,0
2019-10-23,13,74584,2032.0,1314.0,431789.0,0,0
2019-10-23,14,84959,1986.0,1243.0,362279.0,0,0
2019-10-23,15,95031,1982.0,1248.0,367604.0,0,0
2019-10-23,16,96543,1839.0,1258.0,385251.0,0,0
2019-10-23,17,83452,1542.0,1096.0,335921.0,0,0
2019-10-23,18,69656,1137.0,715.0,230547.0,0,0
2019-10-23,19,42778,810.0,566.0,185260.0,0,0
2019-10-23,20,22525,429.0,345.0,126033.0,0,0
2019-10-23,21,13565,255.0,201.0,82159.0,0,0
2019-10-23,22,8763,190.0,139.0,49724.0,0,0
2019-10-23,23,7312,125.0,79.0,26555.0,0,0
2019-10-24,0,10979,167.0,99.0,30910.0,0,0
2019-10-24,1,21603,364.0,220.0,59297.0,0,0
2019-10-24,2,35650,714.0,462.0,137851.0,0,0
2019-10-24,3,47633,1348.0,1078.0,331950.0,0,0
2019-10-24,4,58276,1918.0,1362.0,408018.0,0,0
2019-10-24,5,36039,1664.0,978.0,308366.0,0,0
2019-10-24,6,68787,2684.0,1872.0,587348.0,0,0
2019-10-24,7,69936,2470.0,1752.0,529027.0,0,0
2019-10-24,8,69740,2531.0,1825.0,567092.0,0,0
2019-10-24,9,67401,2479.0,1760.0,566267.0,0,0
2019-10-24,10,63704,2252.0,1631.0,527730.0,0,0
2019-10-24,11,60832,2206.0,1551.0,510357.0,0,0
2019-10-24,12,60997,1899.0,1296.0,400390.0,0,0
2019-10-24,13,67765,1794.0,1219.0,386649.0,0,0
2019-10-24,14,80062,1869.0,1285.0,384423.0,0,0
2019-10-24,15,89765,1828.0,1251.0,365725.0,0,0
2019-10-24,16,91480,1717.0,1140.0,335023.0,0,0
2019-10-24,17,81220,1499.0,1008.0,299566.0,0,0
2019-10-24,18,76086,1356.0,854.0,261431.0,0,0
2019-10-24,19,43027,791.0,573.0,189566.0,0,0
2019-10-24,20,21787,479.0,373.0,147604.0,0,0
2019-10-24,21,14012,263.0,222.0,67491.0,0,0
2019-10-24,22,9118,165.0,106.0,37751.0,0,0
2019-10-24,23,6787,133.0,82.0,30513.0,0,0
2019-10-25,0,10019,149.0,105.0,26368.0,0,0
2019-10-25,1,20310,357.0,189.0,55592.0,0,0
2019-10-25,2,33676,701.0,442.0,124350.0,0,0
2019-10-25,3,47169,1373.0,972.0,281753.0,0,0
2019-10-25,4,56003,1725.0,1282.0,370875.0,0,0
2019-10-25,5,67465,2121.0,1557.0,474092.0,0,0
2019-10-25,6,74708,2556.0,1703.0,490622.0,0,0
2019-10-25,7,74259,2437.0,1749.0,527835.0,0,0
2019-10-25,8,75757,2462.0,1684.0,498489.0,0,0
2019-10-25,9,72535,2295.0,1567.0,486911.0,0,0
2019-10-25,10,71532,2320.0,1588.0,489693.0,0,0
2019-10-25,11,69048,2338.0,1519.0,474449.0,0,0
2019-10-25,12,72522,2075.0,1322.0,412861.0,0,0
2019-10-25,13,82931,2058.0,1326.0,421505.0,0,0
2019-10-25,14,91134,1978.0,1371.0,419635.0,0,0
2019-10-25,15,95984,2053.0,1257.0,372655.0,0,0
2019-10-25,16,94118,1813.0,1174.0,363988.0,0,0
2019-10-25,17,83571,1529.0,966.0,293122.0,0,0
2019-10-25,18,71193,1251.0,834.0,247861.0,0,0
2019-10-25,19,46117,869.0,536.0,157276.0,0,0
2019-10-25,20,26351,467.0,315.0,103315.0,0,0
2019-10-25,21,15865,273.0,207.0,65869.0,0,0
2019-10-25,22,10236,218.0,122.0,44262.0,0,0
2019-10-25,23,7268,117.0,96.0,31840.0,0,0
2019-10-26,0,10634,146.0,93.0,27272.0,0,0
2019-10-26,1,19255,311.0,155.0,41393.0,0,0
2019-10-26,2,34588,707.0,468.0,123190.0,0,0
2019-10-26,3,49704,1243.0,878.0,245683.0,0,0
2019-10-26,4,61648,1939.0,1337.0,374678.0,0,0
2019-10-26,5,69432,2443.0,1596.0,465622.0,0,0
2019-10-26,6,74953,2418.0,1680.0,509276.0,0,0
2019-10-26,7,75367,2730.0,1809.0,553123.0,0,0
2019-10-26,8,76314,2508.0,1755.0,533846.0,0,0
2019-10-26,9,46230,1523.0,1142.0,346716.0,0,0
2019-10-26,10,69043,2378.0,1587.0,486923.0,0,0
2019-10-26,11,66041,2251.0,1443.0,460102.0,0,0
2019-10-26,12,65589,1965.0,1257.0,393013.0,0,0
2019-10-26,13,71776,1747.0,1161.0,369582.0,0,0
2019-10-26,14,75631,1628.0,1136.0,381779.0,0,0
2019-10-26,15,83013,1646.0,1102.0,311808.0,0,0
2019-10-26,16,85224,1515.0,1016.0,300949.0,0,0
2019-10-26,17,78152,1410.0,861.0,256311.0,0,0
2019-10-26,18,70645,1203.0,756.0,242110.0,0,0
2019-10-26,19,45070,887.0,550.0,189588.0,0,0
2019-10-26,20,26553,515.0,389.0,154289.0,0,0
2019-10-26,21,16660,233.0,201.0,62623.0,0,0
2019-10-26,22,9848,202.0,157.0,45923.0,0,0
2019-10-26,23,7512,174.0,124.0,41804.0,0,0
2019-10-27,0,9322,116.0,97.0,36614.0,0,0
2019-10-27,1,16240,246.0,157.0,42454.0,0,0
2019-10-27,2,31158,623.0,371.0,97426.0,0,0
2019-10-27,3,47999,1191.0,764.0,229124.0,0,0
2019-10-27,4,59669,1808.0,1274.0,380605.0,0,0
2019-10-27,5,68255,2201.0,1507.0,448625.0,0,0
2019-10-27,6,70211,2407.0,1700.0,493105.0,0,0
2019-10-27,7,70803,2397.0,1666.0,505142.0,0,0
2019-10-27,8,70758,2359.0,1689.0,528634.0,0,0
2019-10-27,9,72622,2557.0,1765.0,541850.0,0,0
2019-10-27,10,71079,2332.0,1542.0,480227.0,0,0
2019-10-27,11,70823,2430.0,1555.0,495270.0,0,0
2019-10-27,12,68917,2049.0,1365.0,403549.0,0,0
2019-10-27,13,74276,1971.0,1296.0,409783.0,0,0
2019-10-27,14,83294,1816.0,1217.0,379563.0,0,0
2019-10-27,15,93245,1812.0,1195.0,354073.0,0,0
2019-10-27,16,95497,1745.0,1151.0,352518.0,0,0
2019-10-27,17,86048,1438.0,1024.0,291753.0,0,0
2019-10-27,18,69112,663.0,707.0,240928.0,0,0
2019-10-27,19,44918,432.0,618.0,191615.0,0,0
2019-10-27,20,25771,243.0,310.0,125845.0,0,0
2019-10-27,21,14481,169.0,215.0,83292.0,0,0
2019-10-27,22,8913,79.0,137.0,50324.0,0,0
2019-10-27,23,6756,63.0,79.0,35201.0,0,0
2019-10-28,0,8829,45.0,62.0,22843.0,0,0
2019-10-28,1,17581,98.0,172.0,63713.0,0,0
2019-10-28,2,27367,270.0,328.0,102868.0,0,0
2019-10-28,3,39246,560.0,776.0,232517.0,0,0
2019-10-28,4,51793,897.0,1130.0,316127.0,0,0
2019-10-28,5,62218,1074.0,1465.0,446203.0,0,0
2019-10-28,6,65535,1299.0,1495.0,460151.0,0,0
2019-10-28,7,64870,1384.0,1584.0,480284.0,0,0
2019-10-28,8,65691,1280.0,1584.0,496777.0,0,0
2019-10-28,9,63824,1159.0,1462.0,451119.0,0,0
2019-10-28,10,61558,1130.0,1508.0,476349.0,0,0
2019-10-28,11,59921,1083.0,1412.0,490173.0,0,0
2019-10-28,12,60045,1012.0,1200.0,367217.0,0,0
2019-10-28,13,68395,913.0,1042.0,296357.0,0,0
2019-10-28,14,80153,897.0,1071.0,345766.0,0,0
2019-10-28,15,88730,1008.0,1052.0,321482.0,0,0
2019-10-28,16,92726,866.0,1015.0,311403.0,0,0
2019-10-28,17,83742,804.0,872.0,281287.0,0,0
2019-10-28,18,65548,517.0,708.0,231829.0,0,0
2019-10-28,19,40938,372.0,518.0,173712.0,0,0
2019-10-28,20,22599,228.0,296.0,104193.0,0,0
2019-10-28,21,13818,154.0,171.0,58943.0,0,0
2019-10-28,22,8216,74.0,102.0,37794.0,0,0
2019-10-28,23,7325,69.0,86.0,22339.0,0,0
2019-10-29,0,9775,58.0,83.0,27499.0,0,0
2019-10-29,1,16881,107.0,156.0,40130.0,0,0
2019-10-29,2,29910,356.0,368.0,91294.0,0,0
2019-10-29,3,43154,604.0,823.0,253955.0,0,0
2019-10-29,4,51304,920.0,1144.0,382180.0,0,0
2019-10-29,5,59321,989.0,1331.0,424778.0,0,0
2019-10-29,6,61998,1117.0,1352.0,401701.0,0,0
2019-10-29,7,61219,1163.0,1513.0,472884.0,0,0
2019-10-29,8,61986,1200.0,1535.0,495449.0,0,0
2019-10-29,9,61982,1128.0,1498.0,484124.0,0,0
2019-10-29,10,59534,1073.0,1428.0,465590.0,0,0
2019-10-29,11,57975,1145.0,1361.0,436928.0,0,0
2019-10-29,12,57468,1001.0,1091.0,356912.0,0,0
2019-10-29,13,65343,921.0,1045.0,315187.0,0,0
2019-10-29,14,78055,990.0,1094.0,350288.0,0,0
2019-10-29,15,85728,893.0,1014.0,308980.0,0,0
2019-10-29,16,88839,841.0,971.0,286461.0,0,0
2019-10-29,17,83465,697.0,841.0,248516.0,0,0
2019-10-29,18,65301,541.0,683.0,213821.0,0,0
2019-10-29,19,39775,310.0,372.0,123933.0,0,0
2019-10-29,20,22026,230.0,267.0,97336.0,0,0
2019-10-29,21,12250,148.0,186.0,71767.0,0,0
2019-10-29,22,8108,107.0,133.0,55289.0,0,0
2019-10-29,23,6437,58.0,83.0,27160.0,0,0
2019-10-30,0,8938,65.0,75.0,30480.0,0,0
2019-10-30,1,18371,125.0,184.0,47207.0,0,0
2019-10-30,2,30214,306.0,341.0,98451.0,0,0
2019-10-30,3,42232,601.0,859.0,253963.0,0,0
2019-10-30,4,52747,876.0,1177.0,355026.0,0,0
2019-10-30,5,59922,991.0,1354.0,400610.0,0,0
2019-10-30,6,59902,1151.0,1500.0,486944.0,0,0
2019-10-30,7,60405,1149.0,1441.0,454836.0,0,0
2019-10-30,8,60467,1182.0,1484.0,452759.0,0,0
2019-10-30,9,59448,1174.0,1446.0,507795.0,0,0
2019-10-30,10,58008,1090.0,1296.0,431121.0,0,0
2019-10-30,11,56493,1080.0,1270.0,422187.0,0,0
2019-10-30,12,56005,898.0,1173.0,375467.0,0,0
2019-10-30,13,64675,894.0,1137.0,369202.0,0,0
2019-10-30,14,76435,947.0,1162.0,367130.0,0,0
2019-10-30,15,87495,967.0,1149.0,345234.0,0,0
2019-10-30,16,87816,880.0,999.0,298424.0,0,0
2019-10-30,17,80856,682.0,886.0,267461.0,0,0
2019-10-30,18,60543,524.0,697.0,250823.0,0,0
2019-10-30,19,39161,349.0,494.0,172723.0,0,0
2019-10-30,20,21782,236.0,325.0,110008.0,0,0
2019-10-30,21,13291,139.0,151.0,61785.0,0,0
2019-10-30,22,8344,99.0,139.0,43477.0,0,0
2019-10-30,23,6357,53.0,76.0,30768.0,0,0
2019-10-31,0,8651,63.0,85.0,31942.0,0,0
2019-10-31,1,13548,96.0,125.0,42022.0,0,0
2019-10-31,2,27313,291.0,342.0,99297.0,0,0
2019-10-31,3,39785,511.0,737.0,223492.0,0,0
2019-10-31,4,51433,834.0,1082.0,322317.0,0,0
2019-10-31,5,59195,1022.0,1333.0,413539.0,0,0
2019-10-31,6,61293,1079.0,1333.0,438273.0,0,0
2019-10-31,7,67026,1216.0,1509.0,469896.0,0,0
2019-10-31,8,68126,1204.0,1556.0,524347.0,0,0
2019-10-31,9,65337,1109.0,1428.0,449942.0,0,0
2019-10-31,10,63641,1175.0,1385.0,484312.0,0,0
2019-10-31,11,60504,1045.0,1173.0,410167.0,0,0
2019-10-31,12,58176,866.0,1037.0,349680.0,0,0
2019-10-31,13,67268,883.0,970.0,301980.0,0,0
2019-10-31,14,79422,933.0,1108.0,333690.0,0,0
2019-10-31,15,87573,914.0,1092.0,333911.0,0,0
2019-10-31,16,92086,917.0,1068.0,311157.0,0,0
2019-10-31,17,84506,739.0,871.0,253842.0,0,0
2019-10-31,18,63735,570.0,758.0,249531.0,0,0
2019-10-31,19,40492,340.0,481.0,170139.0,0,0
2019-10-31,20,20787,191.0,222.0,82828.0,0,0
2019-10-31,21,12200,130.0,187.0,78043.0,0,0
2019-10-31,22,8645,105.0,118.0,43966.0,0,0
2019-10-31,23,7051,72.0,97.0,37109.0,0,0
2019-11-01,0,10671,100.0,114.0,39278.0,0,0
2019-11-01,1,13769,94.0,119.0,36209.0,0,0
2019-11-01,2,31697,338.0,426.0,113181.0,0,0
2019-11-01,3,47770,637.0,892.0,240591.0,0,0
2019-11-01,4,59209,948.0,1259.0,373155.0,0,0
2019-11-01,5,70635,1152.0,1475.0,470776.0,0,0
2019-11-01,6,73173,1283.0,1589.0,486741.0,0,0
2019-11-01,7,76466,1200.0,1599.0,469308.0,0,0
2019-11-01,8,76659,1392.0,1616.0,514491.0,0,0
2019-11-01,9,73688,1351.0,1674.0,539404.0,0,0
2019-11-01,10,72708,1303.0,1540.0,508704.0,0,0
2019-11-01,11,68732,1195.0,1354.0,446150.0,0,0
2019-11-01,12,70386,1023.0,1253.0,352857.0,0,0
2019-11-01,13,79455,1029.0,1164.0,365613.0,0,0
2019-11-01,14,89408,904.0,1134.0,344823.0,0,0
2019-11-01,15,97878,1008.0,1142.0,345771.0,0,0
2019-11-01,16,102641,895.0,1119.0,339205.0,0,0
2019-11-01,17,94294,811.0,928.0,263202.0,0,0
2019-11-01,18,74816,632.0,722.0,217093.0,0,0
2019-11-01,19,52334,449.0,510.0,157952.0,0,0
2019-11-01,20,30487,242.0,366.0,148096.0,0,0
2019-11-01,21,17643,173.0,225.0,81887.0,0,0
2019-11-01,22,10461,106.0,147.0,59447.0,0,0
2019-11-01,23,7731,84.0,90.0,35467.0,0,0
2019-11-02,0,10836,83.0,100.0,36264.0,0,0
2019-11-02,1,20415,144.0,152.0,54000.0,0,0
2019-11-02,2,36594,306.0,370.0,96525.0,0,0
2019-11-02,3,53201,659.0,806.0,218216.0,0,0
2019-11-02,4,64184,951.0,1128.0,345338.0,0,0
2019-11-02,5,77817,1150.0,1452.0,414085.0,0,0
2019-11-02,6,82248,1377.0,1658.0,477068.0,0,0
2019-11-02,7,80349,1335.0,1641.0,461223.0,0,0
2019-11-02,8,77842,1337.0,1545.0,448840.0,0,0
2019-11-02,9,58698,1486.0,1315.0,373897.0,0,0
2019-11-02,10,84509,1381.0,1527.0,468954.0,0,0
2019-11-02,11,82807,1256.0,1500.0,433230.0,0,0
2019-11-02,12,80854,1071.0,1275.0,347568.0,0,0
2019-11-02,13,86823,985.0,1115.0,334041.0,0,0
2019-11-02,14,93833,1039.0,1171.0,340713.0,0,0
2019-11-02,15,100029,1075.0,1117.0,316262.0,0,0
2019-11-02,16,102465,788.0,1042.0,291748.0,0,0
2019-11-02,17,99167,764.0,893.0,263346.0,0,0
2019-11-02,18,83949,621.0,729.0,234317.0,0,0
2019-11-02,19,58070,435.0,536.0,164157.0,0,0
2019-11-02,20,35446,254.0,336.0,113263.0,0,0
2019-11-02,21,20957,143.0,203.0,63991.0,0,0
2019-11-02,22,12937,102.0,158.0,60847.0,0,0
2019-11-02,23,9309,66.0,94.0,31686.0,0,0
2019-11-03,0,10091,74.0,91.0,27523.0,0,0
2019-11-03,1,19015,117.0,132.0,30004.0,0,0
2019-11-03,2,35201,261.0,304.0,91447.0,0,0
2019-11-03,3,55293,635.0,751.0,207898.0,0,0
2019-11-03,4,72130,874.0,1061.0,296009.0,0,0
2019-11-03,5,83967,1170.0,1456.0,428471.0,0,0
2019-11-03,6,87976,1383.0,1693.0,495232.0,0,0
2019-11-03,7,88713,1582.0,1731.0,492549.0,0,0
2019-11-03,8,84292,1458.0,1592.0,465613.0,0,0
2019-11-03,9,85557,1449.0,1590.0,494450.0,0,0
2019-11-03,10,85585,1414.0,1569.0,473182.0,0,0
2019-11-03,11,83730,1267.0,1482.0,447265.0,0,0
2019-11-03,12,78419,1108.0,1261.0,383378.0,0,0
2019-11-03,13,89761,1116.0,1279.0,381588.0,0,0
2019-11-03,14,89288,1012.0,1105.0,327548.0,0,0
2019-11-03,15,57707,915.0,734.0,211104.0,0,0
2019-11-03,16,55167,774.0,613.0,189858.0,0,0
2019-11-03,17,122878,936.0,1172.0,331491.0,0,0
2019-11-03,18,96665,693.0,846.0,268051.0,0,0
2019-11-03,19,64757,567.0,710.0,249552.0,0,0
2019-11-03,20,36865,325.0,440.0,172859.0,0,0
2019-11-03,21,20022,184.0,247.0,89150.0,0,0
2019-11-03,22,11944,141.0,180.0,64510.0,0,0
2019-11-03,23,9719,83.0,106.0,38191.0,0,0
2019-11-04,0,13521,106.0,123.0,38355.0,0,0
2019-11-04,1,25836,178.0,238.0,78262.0,0,0
2019-11-04,2,46260,384.0,519.0,144682.0,0,0
2019-11-04,3,63944,711.0,1048.0,290273.0,0,0
2019-11-04,4,78496,1132.0,1534.0,428766.0,0,0
2019-11-04,5,86542,1345.0,1740.0,484883.0,0,0
2019-11-04,6,90633,1440.0,1822.0,548653.0,0,0
2019-11-04,7,72493,1359.0,1515.0,413550.0,0,0
2019-11-04,8,67995,1468.0,1553.0,502750.0,0,0
2019-11-04,9,98286,1707.0,2136.0,638283.0,0,0
2019-11-04,10,89640,1497.0,2016.0,602577.0,0,0
2019-11-04,11,87742,1257.0,1741.0,531671.0,0,0
2019-11-04,12,91264,1234.0,1577.0,466509.0,0,0
2019-11-04,13,103093,1235.0,1522.0,434820.0,0,0
2019-11-04,14,121208,1271.0,1536.0,440182.0,0,0
2019-11-04,15,135100,1234.0,1520.0,447634.0,0,0
2019-11-04,16,136496,1127.0,1392.0,418659.0,0,0
2019-11-04,17,124024,914.0,1141.0,328455.0,0,0
2019-11-04,18,94021,749.0,928.0,305285.0,0,0
2019-11-04,19,57825,477.0,623.0,218871.0,0,0
2019-11-04,20,22755,190.0,256.0,108824.0,0,0
2019-11-04,21,16207,178.0,190.0,90408.0,0,0
2019-11-04,22,11098,111.0,149.0,49644.0,0,0
2019-11-04,23,8788,73.0,70.0,21906.0,0,0
2019-11-05,0,10558,100.0,107.0,27695.0,0,0
2019-11-05,1,16684,127.0,137.0,35668.0,0,0
2019-11-05,2,42415,443.0,537.0,128495.0,0,0
2019-11-05,3,62666,765.0,1009.0,264707.0,0,0
2019-11-05,4,75156,1004.0,1480.0,388273.0,0,0
2019-11-05,5,83532,1165.0,1724.0,450750.0,0,0
2019-11-05,6,86217,1135.0,1634.0,460239.0,0,0
2019-11-05,7,89994,1282.0,1854.0,539243.0,0,0
2019-11-05,8,93154,1493.0,1906.0,574298.0,0,0
2019-11-05,9,88374,1317.0,1609.0,455546.0,0,0
2019-11-05,10,84738,1176.0,1632.0,489482.0,0,0
2019-11-05,11,83510,1133.0,1532.0,474988.0,0,0
2019-11-05,12,84933,970.0,1312.0,378004.0,0,0
2019-11-05,13,97436,978.0,1300.0,393553.0,0,0
2019-11-05,14,111465,1115.0,1369.0,383761.0,0,0
2019-11-05,15,123544,1013.0,1351.0,398302.0,0,0
2019-11-05,16,126649,1080.0,1293.0,392463.0,0,0
2019-11-05,17,116648,895.0,1036.0,332292.0,0,0
2019-11-05,18,86404,637.0,828.0,271637.0,0,0
2019-11-05,19,54101,428.0,594.0,178882.0,0,0
2019-11-05,20,18830,222.0,234.0,85030.0,0,0
2019-11-05,21,16259,148.0,202.0,75217.0,0,0
2019-11-05,22,10306,97.0,114.0,37490.0,0,0
2019-11-05,23,7013,77.0,78.0,32716.0,0,0
2019-11-06,0,510,3.0,1.0,132.0,0,0
2019-11-06,1,13887,102.0,115.0,37881.0,0,0
2019-11-06,2,39271,324.0,400.0,122928.0,0,0
2019-11-06,3,55137,667.0,951.0,294022.0,0,0
2019-11-06,4,73269,852.0,1283.0,332320.0,0,0
2019-11-06,5,79649,1115.0,1578.0,442647.0,0,0
2019-11-06,6,84723,1275.0,1745.0,485918.0,0,0
2019-11-06,7,86841,1214.0,1785.0,542489.0,0,0
2019-11-06,8,88933,1371.0,1799.0,523259.0,0,0
2019-11-06,9,88576,1460.0,1876.0,504078.0,0,0
2019-11-06,10,86114,1239.0,1672.0,482054.0,0,0
2019-11-06,11,83386,1316.0,1879.0,563251.0,0,0
2019-11-06,12,83303,1214.0,1558.0,474710.0,0,0
2019-11-06,13,94632,1050.0,1317.0,400619.0,0,0
2019-11-06,14,107671,1019.0,1306.0,411140.0,0,0
2019-11-06,15,122813,1113.0,1331.0,358967.0,0,0
2019-11-06,16,128659,1108.0,1252.0,363354.0,0,0
2019-11-06,17,117378,897.0,1129.0,312470.0,0,0
2019-11-06,18,89294,627.0,884.0,270887.0,0,0
2019-11-06,19,52431,492.0,586.0,184623.0,0,0
2019-11-06,20,31173,308.0,424.0,138348.0,0,0
2019-11-06,21,18033,177.0,217.0,73602.0,0,0
2019-11-06,22,11006,124.0,164.0,58187.0,0,0
2019-11-06,23,7620,57.0,67.0,19873.0,0,0
2019-11-07,0,12422,87.0,148.0,48686.0,0,0
2019-11-07,1,22656,172.0,199.0,39667.0,0,0
2019-11-07,2,42533,331.0,586.0,131166.0,0,0
2019-11-07,3,59269,672.0,1024.0,248489.0,0,0
2019-11-07,4,71960,984.0,1414.0,385057.0,0,0
2019-11-07,5,76960,1116.0,1658.0,478902.0,0,0
2019-11-07,6,83764,1231.0,1717.0,469841.0,0,0
2019-11-07,7,92064,1353.0,1736.0,506733.0,0,0
2019-11-07,8,107899,1485.0,1828.0,510739.0,0,0
2019-11-07,9,97340,1398.0,1851.0,569553.0,0,0
2019-11-07,10,91431,1254.0,1654.0,452699.0,0,0
2019-11-07,11,89083,1239.0,1492.0,425253.0,0,0
2019-11-07,12,91124,1043.0,1287.0,369041.0,0,0
2019-11-07,13,108817,1112.0,1281.0,351377.0,0,0
2019-11-07,14,122523,1137.0,1319.0,385126.0,0,0
2019-11-07,15,129316,1022.0,1274.0,369964.0,0,0
2019-11-07,16,126753,912.0,1202.0,347039.0,0,0
2019-11-07,17,116552,842.0,1050.0,312040.0,0,0
2019-11-07,18,85351,596.0,790.0,235282.0,0,0
2019-11-07,19,54847,419.0,613.0,179651.0,0,0
2019-11-07,20,30031,205.0,317.0,103942.0,0,0
2019-11-07,21,16545,125.0,189.0,64494.0,0,0
2019-11-07,22,10790,107.0,145.0,45107.0,0,0
2019-11-07,23,8725,66.0,88.0,32087.0,0,0
2019-11-08,0,13118,97.0,138.0,41884.0,0,0
2019-11-08,1,584,0.0,8.0,1100.0,0,0
2019-11-08,2,35234,1419.0,467.0,117567.0,0,0
2019-11-08,3,63607,2937.0,1049.0,299922.0,0,0
2019-11-08,4,82872,4028.0,1418.0,408112.0,0,0
2019-11-08,5,90916,4770.0,1630.0,491123.0,0,0
2019-11-08,6,82240,5183.0,1661.0,507840.0,0,0
2019-11-08,7,96142,5273.0,1914.0,578462.0,0,0
2019-11-08,8,107331,5812.0,2079.0,645290.0,0,0
2019-11-08,9,104266,5570.0,2057.0,619776.0,0,0
2019-11-08,10,84468,4181.0,1498.0,446377.0,0,0
2019-11-08,11,91986,4477.0,1595.0,492066.0,0,0
2019-11-08,12,93302,3909.0,1362.0,424694.0,0,0
2019-11-08,13,105691,4264.0,1429.0,439909.0,0,0
2019-11-08,14,123455,4298.0,1285.0,384480.0,0,0
2019-11-08,15,134058,4361.0,1343.0,375460.0,0,0
2019-11-08,16,133341,4077.0,1229.0,353148.0,0,0
2019-11-08,17,117495,3451.0,1069.0,328301.0,0,0
2019-11-08,18,93634,2849.0,982.0,301840.0,0,0
2019-11-08,19,58934,1728.0,607.0,192764.0,0,0
2019-11-08,20,35319,1020.0,402.0,127767.0,0,0
2019-11-08,21,19458,562.0,231.0,81330.0,0,0
2019-11-08,22,12174,373.0,155.0,50180.0,0,0
2019-11-08,23,10147,265.0,106.0,32648.0,0,0
2019-11-09,0,12080,374.0,106.0,34927.0,0,0
2019-11-09,1,21507,665.0,159.0,47168.0,0,0
2019-11-09,2,40216,1227.0,395.0,96493.0,0,0
2019-11-09,3,58400,2489.0,868.0,231799.0,0,0
2019-11-09,4,77322,3623.0,1250.0,369246.0,0,0
2019-11-09,5,89001,4268.0,1506.0,399740.0,0,0
2019-11-09,6,91711,4519.0,1581.0,437744.0,0,0
2019-11-09,7,91472,4681.0,1659.0,489560.0,0,0
2019-11-09,8,94637,4850.0,1725.0,484564.0,0,0
2019-11-09,9,94036,4559.0,1612.0,465718.0,0,0
2019-11-09,10,94903,4424.0,1540.0,446412.0,0,0
2019-11-09,11,89222,3900.0,1383.0,410921.0,0,0
2019-11-09,12,92042,3655.0,1216.0,374337.0,0,0
2019-11-09,13,102733,3697.0,1241.0,373001.0,0,0
2019-11-09,14,114600,3772.0,1176.0,319401.0,0,0
2019-11-09,15,122425,3717.0,1095.0,289427.0,0,0
2019-11-09,16,124391,3503.0,1007.0,298125.0,0,0
2019-11-09,17,120798,3181.0,974.0,276750.0,0,0
2019-11-09,18,95508,2505.0,772.0,227318.0,0,0
2019-11-09,19,67501,1762.0,610.0,202832.0,0,0
2019-11-09,20,41058,1071.0,376.0,138872.0,0,0
2019-11-09,21,22663,616.0,214.0,91577.0,0,0
2019-11-09,22,14400,398.0,166.0,71149.0,0,0
2019-11-09,23,10473,359.0,136.0,69679.0,0,0
2019-11-10,0,10716,252.0,84.0,28130.0,0,0
2019-11-10,1,17603,478.0,120.0,34250.0,0,0
2019-11-10,2,35910,1148.0,330.0,115820.0,0,0
2019-11-10,3,59190,2193.0,683.0,183608.0,0,0
2019-11-10,4,78256,3408.0,1173.0,313514.0,0,0
2019-11-10,5,89632,4301.0,1508.0,442579.0,0,0
2019-11-10,6,96469,4734.0,1607.0,454830.0,0,0
2019-11-10,7,100627,5045.0,1745.0,503171.0,0,0
2019-11-10,8,101360,5093.0,1739.0,495027.0,0,0
2019-11-10,9,100716,4868.0,1740.0,503746.0,0,0
2019-11-10,10,97784,4622.0,1567.0,456706.0,0,0
2019-11-10,11,98721,4377.0,1502.0,451190.0,0,0
2019-11-10,12,99410,3762.0,1282.0,365440.0,0,0
2019-11-10,13,108601,3789.0,1203.0,339697.0,0,0
2019-11-10,14,119956,3953.0,1139.0,314314.0,0,0
2019-11-10,15,133128,4073.0,1183.0,325971.0,0,0
2019-11-10,16,136133,3778.0,1126.0,312493.0,0,0
2019-11-10,17,123642,3259.0,939.0,264885.0,0,0
2019-11-10,18,99150,2508.0,792.0,265894.0,0,0
2019-11-10,19,60669,1657.0,562.0,182051.0,0,0
2019-11-10,20,36054,929.0,348.0,114129.0,0,0
2019-11-10,21,19754,545.0,245.0,76262.0,0,0
2019-11-10,22,12537,359.0,149.0,48612.0,0,0
2019-11-10,23,9490,277.0,112.0,41155.0,0,0
2019-11-11,0,11771,271.0,69.0,21076.0,0,0
2019-11-11,1,20930,530.0,160.0,41447.0,0,0
2019-11-11,2,40305,1310.0,393.0,94549.0,0,0
2019-11-11,3,65447,2683.0,930.0,237235.0,0,0
2019-11-11,4,81958,3830.0,1365.0,382162.0,0,0
2019-11-11,5,93347,4559.0,1635.0,443139.0,0,0
2019-11-11,6,95901,4558.0,1698.0,476623.0,0,0
2019-11-11,7,98029,4971.0,1790.0,512466.0,0,0
2019-11-11,8,101503,5296.0,1898.0,531393.0,0,0
2019-11-11,9,101280,5014.0,1823.0,526727.0,0,0
2019-11-11,10,98323,4954.0,1766.0,533557.0,0,0
2019-11-11,11,94382,4179.0,1511.0,458333.0,0,0
2019-11-11,12,96883,3855.0,1346.0,424369.0,0,0
2019-11-11,13,108301,3982.0,1348.0,385530.0,0,0
2019-11-11,14,135579,4436.0,1362.0,394501.0,0,0
2019-11-11,15,153324,4621.0,1383.0,406765.0,0,0
2019-11-11,16,147815,4167.0,1292.0,356943.0,0,0
2019-11-11,17,131339,3329.0,1028.0,280342.0,0,0
2019-11-11,18,96724,2599.0,859.0,280978.0,0,0
2019-11-11,19,60762,1515.0,514.0,191690.0,0,0
2019-11-11,20,32338,871.0,335.0,111735.0,0,0
2019-11-11,21,18833,539.0,199.0,83966.0,0,0
2019-11-11,22,13070,399.0,141.0,51440.0,0,0
2019-11-11,23,9222,226.0,85.0,28192.0,0,0
2019-11-12,0,9691,255.0,62.0,21240.0,0,0
2019-11-12,1,23433,660.0,181.0,50348.0,0,0
2019-11-12,2,42722,1445.0,434.0,101449.0,0,0
2019-11-12,3,63901,2536.0,904.0,253220.0,0,0
2019-11-12,4,80822,3413.0,1218.0,336900.0,0,0
2019-11-12,5,89436,3922.0,1421.0,431208.0,0,0
2019-11-12,6,97112,4336.0,1568.0,446305.0,0,0
2019-11-12,7,97619,4464.0,1589.0,478445.0,0,0
2019-11-12,8,107746,4747.0,1684.0,514420.0,0,0
2019-11-12,9,107060,4748.0,1759.0,532900.0,0,0
2019-11-12,10,87007,3901.0,1395.0,418711.0,0,0
2019-11-12,11,94104,4106.0,1398.0,435035.0,0,0
2019-11-12,12,94984,3720.0,1237.0,367056.0,0,0
2019-11-12,13,109591,3627.0,1170.0,354837.0,0,0
2019-11-12,14,130043,3930.0,1201.0,324898.0,0,0
2019-11-12,15,144251,4236.0,1236.0,351526.0,0,0
2019-11-12,16,146327,4027.0,1144.0,333495.0,0,0
2019-11-12,17,132348,3343.0,1007.0,314977.0,0,0
2019-11-12,18,97055,2443.0,794.0,249379.0,0,0
2019-11-12,19,60801,1654.0,603.0,194738.0,0,0
2019-11-12,20,35674,931.0,326.0,116881.0,0,0
2019-11-12,21,19582,578.0,205.0,79548.0,0,0
2019-11-12,22,11714,262.0,96.0,39790.0,0,0
2019-11-12,23,9657,271.0,93.0,34809.0,0,0
2019-11-13,0,13271,312.0,92.0,33062.0,0,0
2019-11-13,1,18715,598.0,140.0,34441.0,0,0
2019-11-13,2,45226,1354.0,379.0,102821.0,0,0
2019-11-13,3,67123,2613.0,936.0,264734.0,0,0
2019-11-13,4,84053,3483.0,1159.0,336122.0,0,0
2019-11-13,5,98503,4179.0,1407.0,411905.0,0,0
2019-11-13,6,102385,4578.0,1553.0,472703.0,0,0
2019-11-13,7,97970,4428.0,1565.0,460863.0,0,0
2019-11-13,8,103427,4661.0,1596.0,512840.0,0,0
2019-11-13,9,95036,4684.0,1554.0,518563.0,0,0
2019-11-13,10,98102,4447.0,1522.0,462150.0,0,0
2019-11-13,11,91219,3893.0,1331.0,397279.0,0,0
2019-11-13,12,90770,3541.0,1158.0,333399.0,0,0
2019-11-13,13,106814,3803.0,1233.0,362658.0,0,0
2019-11-13,14,129946,4156.0,1261.0,350318.0,0,0
2019-11-13,15,144825,4437.0,1284.0,381033.0,0,0
2019-11-13,16,152292,4188.0,1193.0,357703.0,0,0
2019-11-13,17,135511,3560.0,1030.0,297809.0,0,0
2019-11-13,18,101783,2483.0,780.0,259918.0,0,0
2019-11-13,19,65757,1702.0,585.0,191951.0,0,0
2019-11-13,20,35285,960.0,353.0,123694.0,0,0
2019-11-13,21,19887,540.0,211.0,69409.0,0,0
2019-11-13,22,12850,354.0,134.0,44178.0,0,0
2019-11-13,23,9610,254.0,92.0,33329.0,0,0
2019-11-14,0,14624,391.0,125.0,31063.0,0,1
2019-11-14,1,15481,420.0,104.0,26157.0,0,1
2019-11-14,2,49782,1407.0,393.0,106198.0,0,1
2019-11-14,3,76761,2580.0,878.0,267911.0,0,1
2019-11-14,4,96483,3742.0,1208.0,321212.0,0,1
2019-11-14,5,105943,4281.0,1479.0,433939.0,0,1
2019-11-14,6,112062,4568.0,1510.0,471819.0,0,1
2019-11-14,7,113330,5085.0,1684.0,507026.0,0,1
2019-11-14,8,118697,5066.0,1731.0,534597.0,0,1
2019-11-14,9,112565,5051.0,1666.0,517764.0,0,1
2019-11-14,10,113299,4639.0,1481.0,452163.0,0,1
2019-11-14,11,112223,4341.0,1426.0,462624.0,0,1
2019-11-14,12,119062,4360.0,1265.0,405428.0,0,1
2019-11-14,13,144187,4599.0,1226.0,380984.0,0,1
2019-11-14,14,205973,6427.0,1425.0,445330.0,0,1
2019-11-14,15,133013,6073.0,1025.0,326286.0,0,1
2019-11-14,16,165895,6645.0,1381.0,420038.0,0,1
2019-11-14,17,264244,7786.0,1560.0,498824.0,0,1
2019-11-14,18,196537,37377.0,557.0,340563.0,0,1
2019-11-14,19,202311,19661.0,0.0,0.0,0,1
2019-11-14,20,171924,14594.0,0.0,0.0,0,1
2019-11-14,21,112761,8336.0,0.0,0.0,0,1
2019-11-14,22,60406,4495.0,0.0,0.0,0,1
2019-11-14,23,46788,3329.0,0.0,0.0,0,1
2019-11-15,0,72894,6645.0,0.0,0.0,0,1
2019-11-15,1,150291,13568.0,0.0,0.0,0,1
2019-11-15,2,258350,22227.0,0.0,0.0,0,1
2019-11-15,3,262710,26634.0,0.0,0.0,0,1
2019-11-15,4,260524,27400.0,0.0,0.0,0,1
2019-11-15,5,261169,26457.0,0.0,0.0,0,1
2019-11-15,6,249975,25655.0,0.0,0.0,0,1
2019-11-15,7,277285,27716.0,0.0,0.0,0,1
2019-11-15,8,325448,30490.0,0.0,0.0,0,1
2019-11-15,9,312968,28719.0,0.0,0.0,0,1
2019-11-15,10,297634,27487.0,0.0,0.0,0,1
2019-11-15,11,272741,25953.0,0.0,0.0,0,1
2019-11-15,12,253669,21566.0,0.0,0.0,0,1
2019-11-15,13,280400,22072.0,0.0,0.0,0,1
2019-11-15,14,293330,21512.0,0.0,0.0,0,1
2019-11-15,15,303457,21057.0,0.0,0.0,0,1
2019-11-15,16,310574,20028.0,0.0,0.0,0,1
2019-11-15,17,314739,18855.0,0.0,0.0,0,1
2019-11-15,18,300094,16211.0,0.0,0.0,0,1
2019-11-15,19,273924,16013.0,0.0,0.0,0,1
2019-11-15,20,190312,10694.0,0.0,0.0,0,1
2019-11-15,21,100641,5807.0,0.0,0.0,0,1
2019-11-15,22,57611,3244.0,0.0,0.0,0,1
2019-11-15,23,10993,844.0,0.0,0.0,0,1
2019-11-16,0,22717,1414.0,0.0,0.0,0,1
2019-11-16,1,108021,5996.0,0.0,0.0,0,1
2019-11-16,2,199160,11775.0,0.0,0.0,0,1
2019-11-16,3,211546,17979.0,0.0,0.0,0,1
2019-11-16,4,296887,23446.0,0.0,0.0,0,1
2019-11-16,5,340656,24676.0,0.0,0.0,0,1
2019-11-16,6,353667,25636.0,0.0,0.0,0,1
2019-11-16,7,350004,26133.0,0.0,0.0,0,1
2019-11-16,8,335605,24471.0,5259.0,1791916.0,0,1
2019-11-16,9,343928,25108.0,11804.0,4063304.0,0,1
2019-11-16,10,330070,24386.0,10460.0,3682918.0,0,1
2019-11-16,11,335739,23742.0,8188.0,2837201.0,0,1
2019-11-16,12,336602,21882.0,9968.0,3478886.0,0,1
2019-11-16,13,322102,18206.0,9245.0,3096622.0,0,1
2019-11-16,14,319140,17544.0,9342.0,3170131.0,0,1
2019-11-16,15,290749,19025.0,3981.0,1321991.0,0,1
2019-11-16,16,309553,21331.0,0.0,0.0,0,1
2019-11-16,17,326401,18205.0,0.0,0.0,0,1
2019-11-16,18,323061,16333.0,0.0,0.0,0,1
2019-11-16,19,251772,11348.0,0.0,0.0,0,1
2019-11-16,20,141850,6224.0,0.0,0.0,0,1
2019-11-16,21,79336,3823.0,0.0,0.0,0,1
2019-11-16,22,27700,1534.0,0.0,0.0,0,1
2019-11-16,23,29893,1496.0,0.0,0.0,0,1
2019-11-17,0,33100,1377.0,0.0,0.0,0,1
2019-11-17,1,45513,2155.0,0.0,0.0,0,1
2019-11-17,2,109769,6054.0,0.0,0.0,0,1
2019-11-17,3,215593,13352.0,1872.0,587978.0,0,1
2019-11-17,4,309864,21464.0,8938.0,2695169.0,0,1
2019-11-17,5,349825,24762.0,10971.0,3465990.0,0,1
2019-11-17,6,335193,22763.0,11955.0,3745651.0,0,1
2019-11-17,7,315998,21822.0,11689.0,3641306.0,0,1
2019-11-17,8,301478,19578.0,11885.0,3842299.0,0,1
2019-11-17,9,277155,17657.0,11502.0,3753400.0,0,1
2019-11-17,10,352074,26372.0,13238.0,4289937.0,0,1
2019-11-17,11,406552,33475.0,14476.0,4732814.0,0,1
2019-11-17,12,423630,33800.0,14478.0,4635494.0,0,1
2019-11-17,13,415622,32773.0,14259.0,4432830.0,0,1
2019-11-17,14,431685,31914.0,13913.0,4361128.0,0,1
2019-11-17,15,423130,31003.0,13634.0,4089485.0,0,1
2019-11-17,16,393849,28946.0,13509.0,3910916.0,0,1
2019-11-17,17,396348,31756.0,15876.0,4617868.0,0,1
2019-11-17,18,43234,3996.0,618.0,210685.0,0,1
2019-11-17,19,85137,2779.0,1093.0,333945.0,0,1
2019-11-17,20,45823,1497.0,588.0,169541.0,0,1
2019-11-17,21,24248,815.0,357.0,136467.0,0,1
2019-11-17,22,14227,473.0,202.0,68190.0,0,1
2019-11-17,23,10538,359.0,142.0,53387.0,0,1
2019-11-18,0,14833,383.0,110.0,35088.0,0,0
2019-11-18,1,29970,897.0,247.0,68788.0,0,0
2019-11-18,2,52575,1826.0,552.0,136638.0,0,0
2019-11-18,3,79508,3314.0,1163.0,341498.0,0,0
2019-11-18,4,96551,4416.0,1605.0,464428.0,0,0
2019-11-18,5,104473,5073.0,1801.0,535577.0,0,0
2019-11-18,6,108075,5587.0,2025.0,541149.0,0,0
2019-11-18,7,106487,5420.0,1948.0,541832.0,0,0
2019-11-18,8,106660,5789.0,2128.0,630603.0,0,0
2019-11-18,9,104181,5763.0,2085.0,646591.0,0,0
2019-11-18,10,99586,5086.0,1896.0,573822.0,0,0
2019-11-18,11,91155,4780.0,1706.0,496211.0,0,0
2019-11-18,12,91508,4437.0,1558.0,440910.0,0,0
2019-11-18,13,102435,4528.0,1581.0,434781.0,0,0
2019-11-18,14,117458,4561.0,1518.0,445197.0,0,0
2019-11-18,15,128971,4521.0,1496.0,415320.0,0,0
2019-11-18,16,131231,3991.0,1278.0,362090.0,0,0
2019-11-18,17,123957,3597.0,1233.0,329827.0,0,0
2019-11-18,18,91175,2784.0,1054.0,320822.0,0,0
2019-11-18,19,57083,1835.0,733.0,214213.0,0,0
2019-11-18,20,31670,844.0,336.0,107596.0,0,0
2019-11-18,21,17247,567.0,238.0,80822.0,0,0
2019-11-18,22,10734,373.0,157.0,52575.0,0,0
2019-11-18,23,7788,233.0,89.0,34633.0,0,0
2019-11-19,0,11806,353.0,126.0,38257.0,0,0
2019-11-19,1,21617,635.0,201.0,51055.0,0,0
2019-11-19,2,39115,1343.0,414.0,96074.0,0,0
2019-11-19,3,57712,2596.0,857.0,235507.0,0,0
2019-11-19,4,74296,3675.0,1302.0,354302.0,0,0
2019-11-19,5,82918,4394.0,1593.0,453963.0,0,0
2019-11-19,6,85350,4361.0,1559.0,447092.0,0,0
2019-11-19,7,88401,4752.0,1721.0,477319.0,0,0
2019-11-19,8,89875,4865.0,1878.0,559543.0,0,0
2019-11-19,9,87652,4746.0,1789.0,538521.0,0,0
2019-11-19,10,86612,4836.0,1737.0,526252.0,0,0
2019-11-19,11,80964,4178.0,1547.0,439931.0,0,0
2019-11-19,12,81303,3959.0,1373.0,422171.0,0,0
2019-11-19,13,93060,3993.0,1356.0,401378.0,0,0
2019-11-19,14,109698,4115.0,1402.0,394486.0,0,0
2019-11-19,15,119955,4219.0,1418.0,409864.0,0,0
2019-11-19,16,121024,3809.0,1226.0,371254.0,0,0
2019-11-19,17,105107,3186.0,1121.0,344997.0,0,0
2019-11-19,18,77505,2523.0,902.0,292092.0,0,0
2019-11-19,19,49351,1516.0,581.0,178972.0,0,0
2019-11-19,20,28420,969.0,391.0,114424.0,0,0
2019-11-19,21,15543,529.0,200.0,61841.0,0,0
2019-11-19,22,11593,385.0,174.0,59718.0,0,0
2019-11-19,23,8743,226.0,99.0,22396.0,0,0
2019-11-20,0,12303,336.0,108.0,31678.0,0,0
2019-11-20,1,18171,525.0,140.0,37513.0,0,0
2019-11-20,2,38083,1362.0,421.0,102418.0,0,0
2019-11-20,3,57627,2451.0,888.0,226292.0,0,0
2019-11-20,4,72205,3488.0,1310.0,360494.0,0,0
2019-11-20,5,82013,4388.0,1559.0,416903.0,0,0
2019-11-20,6,85863,4524.0,1697.0,488374.0,0,0
2019-11-20,7,86046,4540.0,1700.0,491501.0,0,0
2019-11-20,8,88975,5004.0,1811.0,524766.0,0,0
2019-11-20,9,87763,4711.0,1745.0,506082.0,0,0
2019-11-20,10,85502,4693.0,1789.0,541291.0,0,0
2019-11-20,11,81262,4320.0,1472.0,448805.0,0,0
2019-11-20,12,79192,3773.0,1382.0,382433.0,0,0
2019-11-20,13,92841,3787.0,1344.0,401162.0,0,0
2019-11-20,14,102200,4083.0,1385.0,382155.0,0,0
2019-11-20,15,115735,4235.0,1401.0,384338.0,0,0
2019-11-20,16,117550,3969.0,1269.0,338532.0,0,0
2019-11-20,17,106604,3372.0,1109.0,286471.0,0,0
2019-11-20,18,78000,2446.0,892.0,254147.0,0,0
2019-11-20,19,50348,1636.0,682.0,189439.0,0,0
2019-11-20,20,27070,889.0,366.0,127280.0,0,0
2019-11-20,21,15048,472.0,182.0,67985.0,0,0
2019-11-20,22,9665,435.0,200.0,75928.0,0,0
2019-11-20,23,8433,279.0,95.0,23222.0,0,0
2019-11-21,0,12086,333.0,142.0,43703.0,0,0
2019-11-21,1,20661,658.0,210.0,57681.0,0,0
2019-11-21,2,37183,1308.0,434.0,92446.0,0,0
2019-11-21,3,56450,2992.0,1045.0,251362.0,0,0
2019-11-21,4,71266,3831.0,1370.0,327618.0,0,0
2019-11-21,5,81013,4563.0,1614.0,395067.0,0,0
2019-11-21,6,81171,4798.0,1765.0,463105.0,0,0
2019-11-21,7,83570,4954.0,1780.0,505695.0,0,0
2019-11-21,8,85131,5066.0,1864.0,534394.0,0,0
2019-11-21,9,86890,5200.0,1764.0,497821.0,0,0
2019-11-21,10,84408,4798.0,1689.0,482444.0,0,0
2019-11-21,11,81735,4267.0,1535.0,438061.0,0,0
2019-11-21,12,82634,3811.0,1364.0,374269.0,0,0
2019-11-21,13,93339,3956.0,1296.0,354124.0,0,0
2019-11-21,14,109247,4344.0,1388.0,369875.0,0,0
2019-11-21,15,110578,4264.0,1363.0,365471.0,0,0
2019-11-21,16,106452,3805.0,1239.0,340831.0,0,0
2019-11-21,17,97652,3225.0,1041.0,287967.0,0,0
2019-11-21,18,80085,2484.0,895.0,280323.0,0,0
2019-11-21,19,49898,1622.0,622.0,191799.0,0,0
2019-11-21,20,27988,944.0,376.0,124907.0,0,0
2019-11-21,21,15866,537.0,246.0,105510.0,0,0
2019-11-21,22,10298,338.0,129.0,44997.0,0,0
2019-11-21,23,7436,237.0,95.0,40640.0,0,0
2019-11-22,0,11165,310.0,110.0,27591.0,0,0
2019-11-22,1,19735,660.0,205.0,55204.0,0,0
2019-11-22,2,33733,1300.0,390.0,109836.0,0,0
2019-11-22,3,52372,2656.0,890.0,226021.0,0,0
2019-11-22,4,67622,3606.0,1324.0,383849.0,0,0
2019-11-22,5,75815,4185.0,1486.0,442497.0,0,0
2019-11-22,6,77100,4354.0,1533.0,437024.0,0,0
2019-11-22,7,76107,4589.0,1721.0,489923.0,0,0
2019-11-22,8,80421,4679.0,1757.0,496583.0,0,0
2019-11-22,9,80215,4744.0,1729.0,525339.0,0,0
2019-11-22,10,75798,4498.0,1723.0,517503.0,0,0
2019-11-22,11,72498,3818.0,1448.0,421432.0,0,0
2019-11-22,12,70563,3467.0,1279.0,381753.0,0,0
2019-11-22,13,87412,4045.0,1440.0,423314.0,0,0
2019-11-22,14,97390,4111.0,1408.0,387155.0,0,0
2019-11-22,15,106265,4061.0,1377.0,395841.0,0,0
2019-11-22,16,107257,3784.0,1152.0,300606.0,0,0
2019-11-22,17,93165,3069.0,1003.0,286383.0,0,0
2019-11-22,18,73543,2394.0,831.0,244806.0,0,0
2019-11-22,19,49120,1499.0,552.0,163540.0,0,0
2019-11-22,20,28390,993.0,407.0,132383.0,0,0
2019-11-22,21,16445,489.0,201.0,70858.0,0,0
2019-11-22,22,10752,304.0,132.0,46065.0,0,0
2019-11-22,23,8304,237.0,89.0,25341.0,0,0
2019-11-23,0,10382,243.0,94.0,31182.0,0,0
2019-11-23,1,17440,518.0,158.0,39954.0,0,0
2019-11-23,2,30695,1020.0,314.0,85610.0,0,0
2019-11-23,3,47820,2169.0,723.0,184155.0,0,0
2019-11-23,4,62092,3045.0,1129.0,298299.0,0,0
2019-11-23,5,71358,3998.0,1451.0,392685.0,0,0
2019-11-23,6,74017,4172.0,1555.0,423091.0,0,0
2019-11-23,7,79025,4436.0,1641.0,450177.0,0,0
2019-11-23,8,79955,4451.0,1633.0,435176.0,0,0
2019-11-23,9,81314,4463.0,1674.0,478400.0,0,0
2019-11-23,10,80577,4120.0,1550.0,440436.0,0,0
2019-11-23,11,79522,3836.0,1414.0,418348.0,0,0
2019-11-23,12,79847,3569.0,1285.0,420192.0,0,0
2019-11-23,13,86243,3416.0,1196.0,327700.0,0,0
2019-11-23,14,93097,3608.0,1194.0,319467.0,0,0
2019-11-23,15,99691,3567.0,1176.0,340525.0,0,0
2019-11-23,16,101753,3154.0,968.0,268787.0,0,0
2019-11-23,17,96603,2880.0,949.0,283173.0,0,0
2019-11-23,18,76974,2172.0,734.0,228036.0,0,0
2019-11-23,19,53814,1549.0,566.0,178635.0,0,0
2019-11-23,20,33230,1008.0,358.0,116318.0,0,0
2019-11-23,21,18966,547.0,206.0,69387.0,0,0
2019-11-23,22,11423,391.0,150.0,56831.0,0,0
2019-11-23,23,8256,312.0,124.0,52526.0,0,0
2019-11-24,0,8555,284.0,111.0,35132.0,0,0
2019-11-24,1,13634,377.0,115.0,36493.0,0,0
2019-11-24,2,26556,906.0,272.0,69732.0,0,0
2019-11-24,3,46032,2199.0,701.0,163905.0,0,0
2019-11-24,4,63577,3260.0,1131.0,265476.0,0,0
2019-11-24,5,74626,3895.0,1402.0,348376.0,0,0
2019-11-24,6,83741,4585.0,1701.0,464116.0,0,0
2019-11-24,7,83857,4774.0,1697.0,475023.0,0,0
2019-11-24,8,84312,4677.0,1697.0,476341.0,0,0
2019-11-24,9,85047,4791.0,1704.0,500915.0,0,0
2019-11-24,10,84267,4612.0,1637.0,470632.0,0,0
2019-11-24,11,80529,4073.0,1513.0,432015.0,0,0
2019-11-24,12,83034,3556.0,1241.0,339986.0,0,0
2019-11-24,13,89338,3663.0,1234.0,361534.0,0,0
2019-11-24,14,95535,3658.0,1198.0,325296.0,0,0
2019-11-24,15,100852,3467.0,1152.0,319261.0,0,0
2019-11-24,16,105886,3559.0,1144.0,322240.0,0,0
2019-11-24,17,97409,3111.0,1039.0,296236.0,0,0
2019-11-24,18,76291,2437.0,869.0,268299.0,0,0
2019-11-24,19,52211,1702.0,664.0,201972.0,0,0
2019-11-24,20,28409,902.0,385.0,116404.0,0,0
2019-11-24,21,18054,645.0,288.0,87908.0,0,0
2019-11-24,22,9872,345.0,147.0,55215.0,0,0
2019-11-24,23,8336,349.0,121.0,38241.0,0,0
2019-11-25,0,9457,267.0,98.0,30370.0,0,0
2019-11-25,1,16958,474.0,148.0,38015.0,0,0
2019-11-25,2,29365,1043.0,335.0,80891.0,0,0
2019-11-25,3,47583,2418.0,862.0,225059.0,0,0
2019-11-25,4,62335,3520.0,1244.0,329819.0,0,0
2019-11-25,5,75722,4448.0,1634.0,454272.0,0,0
2019-11-25,6,80879,4810.0,1797.0,499596.0,0,0
2019-11-25,7,81304,4807.0,1743.0,454425.0,0,0
2019-11-25,8,83621,4811.0,1758.0,494054.0,0,0
2019-11-25,9,84882,4869.0,1828.0,551690.0,0,0
2019-11-25,10,80324,4500.0,1672.0,494540.0,0,0
2019-11-25,11,75042,4123.0,1560.0,448583.0,0,0
2019-11-25,12,76972,3692.0,1378.0,391032.0,0,0
2019-11-25,13,85173,3775.0,1309.0,376681.0,0,0
2019-11-25,14,97100,3830.0,1330.0,392093.0,0,0
2019-11-25,15,107801,4149.0,1360.0,369730.0,0,0
2019-11-25,16,113359,4031.0,1359.0,401167.0,0,0
2019-11-25,17,101939,3168.0,1050.0,303187.0,0,0
2019-11-25,18,75925,2602.0,937.0,280914.0,0,0
2019-11-25,19,48949,1576.0,622.0,186919.0,0,0
2019-11-25,20,28449,898.0,336.0,101812.0,0,0
2019-11-25,21,15540,583.0,241.0,75338.0,0,0
2019-11-25,22,9676,297.0,126.0,45452.0,0,0
2019-11-25,23,7721,219.0,100.0,28127.0,0,0
2019-11-26,0,10060,343.0,113.0,40656.0,0,0
2019-11-26,1,13205,441.0,120.0,39289.0,0,0
2019-11-26,2,31907,1128.0,356.0,81666.0,0,0
2019-11-26,3,49711,2467.0,887.0,237111.0,0,0
2019-11-26,4,64011,3380.0,1244.0,333214.0,0,0
2019-11-26,5,72604,4052.0,1544.0,436658.0,0,0
2019-11-26,6,84250,4584.0,1645.0,449922.0,0,0
2019-11-26,7,87792,4989.0,1811.0,492392.0,0,0
2019-11-26,8,92673,5118.0,1782.0,497410.0,0,0
2019-11-26,9,91340,4892.0,1758.0,520533.0,0,0
2019-11-26,10,89882,4863.0,1775.0,515951.0,0,0
2019-11-26,11,87006,4104.0,1422.0,430938.0,0,0
2019-11-26,12,84250,3841.0,1342.0,384058.0,0,0
2019-11-26,13,93695,4019.0,1341.0,399707.0,0,0
2019-11-26,14,102105,3965.0,1264.0,370864.0,0,0
2019-11-26,15,109519,4233.0,1264.0,322839.0,0,0
2019-11-26,16,111613,3869.0,1197.0,313026.0,0,0
2019-11-26,17,100169,3184.0,1092.0,289220.0,0,0
2019-11-26,18,74209,2275.0,782.0,236503.0,0,0
2019-11-26,19,48670,1623.0,602.0,181760.0,0,0
2019-11-26,20,26400,930.0,363.0,131633.0,0,0
2019-11-26,21,14645,605.0,242.0,86358.0,0,0
2019-11-26,22,9500,414.0,167.0,66647.0,0,0
2019-11-26,23,8006,296.0,113.0,35038.0,0,0
2019-11-27,0,10196,344.0,106.0,34427.0,0,0
2019-11-27,1,13692,540.0,132.0,33629.0,0,0
2019-11-27,2,29899,1094.0,366.0,93305.0,0,0
2019-11-27,3,45744,2181.0,790.0,209696.0,0,0
2019-11-27,4,61225,3338.0,1192.0,351501.0,0,0
2019-11-27,5,69530,4006.0,1510.0,433224.0,0,0
2019-11-27,6,76686,4318.0,1612.0,486905.0,0,0
2019-11-27,7,80895,4787.0,1691.0,489075.0,0,0
2019-11-27,8,88480,4658.0,1707.0,495452.0,0,0
2019-11-27,9,89456,4999.0,1898.0,538886.0,0,0
2019-11-27,10,85430,4714.0,1678.0,493415.0,0,0
2019-11-27,11,83491,4139.0,1486.0,445354.0,0,0
2019-11-27,12,90684,3996.0,1470.0,443613.0,0,0
2019-11-27,13,99070,4279.0,1460.0,454704.0,0,0
2019-11-27,14,105905,4126.0,1453.0,441062.0,0,0
2019-11-27,15,114011,4310.0,1304.0,375749.0,0,0
2019-11-27,16,113684,3964.0,1274.0,337987.0,0,0
2019-11-27,17,102508,3388.0,1071.0,291096.0,0,0
2019-11-27,18,78190,2497.0,832.0,247204.0,0,0
2019-11-27,19,48354,1515.0,615.0,193247.0,0,0
2019-11-27,20,27457,855.0,322.0,104186.0,0,0
2019-11-27,21,15212,497.0,231.0,89438.0,0,0
2019-11-27,22,9737,346.0,149.0,51349.0,0,0
2019-11-27,23,7631,225.0,94.0,26837.0,0,0
2019-11-28,0,10865,318.0,110.0,29686.0,0,0
2019-11-28,1,19777,598.0,181.0,43932.0,0,0
2019-11-28,2,33084,1226.0,437.0,118621.0,0,0
2019-11-28,3,50091,2356.0,865.0,250034.0,0,0
2019-11-28,4,66487,3429.0,1257.0,345742.0,0,0
2019-11-28,5,74954,3928.0,1443.0,418348.0,0,0
2019-11-28,6,79107,4280.0,1546.0,450606.0,0,0
2019-11-28,7,78521,4667.0,1691.0,480599.0,0,0
2019-11-28,8,83776,4613.0,1776.0,523146.0,0,0
2019-11-28,9,83907,4591.0,1616.0,471357.0,0,0
2019-11-28,10,79845,4486.0,1599.0,499109.0,0,0
2019-11-28,11,73431,3956.0,1400.0,450519.0,0,0
2019-11-28,12,73899,3555.0,1297.0,382897.0,0,0
2019-11-28,13,87167,3840.0,1326.0,383353.0,0,0
2019-11-28,14,103667,4470.0,1398.0,377000.0,0,0
2019-11-28,15,118474,4354.0,1357.0,393584.0,0,0
2019-11-28,16,120592,4006.0,1252.0,365577.0,0,0
2019-11-28,17,107702,3340.0,1071.0,317767.0,0,0
2019-11-28,18,88455,2971.0,952.0,284614.0,0,0
2019-11-28,19,53998,1771.0,670.0,201728.0,0,0
2019-11-28,20,31466,1087.0,438.0,132290.0,0,0
2019-11-28,21,18432,708.0,281.0,108001.0,0,0
2019-11-28,22,12739,485.0,218.0,84189.0,0,0
2019-11-28,23,9725,319.0,124.0,51136.0,0,0
2019-11-29,0,12979,396.0,123.0,38856.0,1,0
2019-11-29,1,23900,811.0,243.0,76938.0,1,0
2019-11-29,2,41914,1753.0,518.0,132225.0,1,0
2019-11-29,3,63361,3341.0,1176.0,335364.0,1,0
2019-11-29,4,82161,4765.0,1701.0,540112.0,1,0
2019-11-29,5,91654,5490.0,1900.0,556789.0,1,0
2019-11-29,6,95305,5834.0,2122.0,655312.0,1,0
2019-11-29,7,81649,4649.0,2058.0,616822.0,1,0
2019-11-29,8,77208,4598.0,2031.0,597053.0,1,0
2019-11-29,9,94000,5883.0,2167.0,638667.0,1,0
2019-11-29,10,92051,6039.0,2251.0,693625.0,1,0
2019-11-29,11,84680,5633.0,2063.0,639652.0,1,0
2019-11-29,12,84065,4858.0,1793.0,540022.0,1,0
2019-11-29,13,102135,5528.0,1951.0,612973.0,1,0
2019-11-29,14,117268,5851.0,2011.0,591437.0,1,0
2019-11-29,15,124272,5636.0,1880.0,539100.0,1,0
2019-11-29,16,126086,5301.0,1726.0,513523.0,1,0
2019-11-29,17,113061,4307.0,1460.0,413557.0,1,0
2019-11-29,18,87876,3226.0,1142.0,345206.0,1,0
2019-11-29,19,58888,2085.0,742.0,230316.0,1,0
2019-11-29,20,33401,1252.0,441.0,140873.0,1,0
2019-11-29,21,19086,739.0,287.0,80647.0,1,0
2019-11-29,22,12079,454.0,191.0,64031.0,1,0
2019-11-29,23,8732,354.0,130.0,42218.0,1,0
2019-11-30,0,10947,354.0,111.0,34637.0,0,0
2019-11-30,1,18794,595.0,151.0,40331.0,0,0
2019-11-30,2,34829,1360.0,414.0,109030.0,0,0
2019-11-30,3,51987,2604.0,888.0,250541.0,0,0
2019-11-30,4,70903,3897.0,1392.0,380303.0,0,0
2019-11-30,5,80160,4758.0,1784.0,506257.0,0,0
2019-11-30,6,86505,5367.0,1877.0,533154.0,0,0
2019-11-30,7,88813,5628.0,2007.0,578582.0,0,0
2019-11-30,8,88595,5580.0,2002.0,589512.0,0,0
2019-11-30,9,89250,5605.0,2109.0,624718.0,0,0
2019-11-30,10,88550,5418.0,1969.0,556198.0,0,0
2019-11-30,11,87498,5069.0,1913.0,527994.0,0,0
2019-11-30,12,88774,4569.0,1659.0,481612.0,0,0
2019-11-30,13,95168,4317.0,1504.0,408754.0,0,0
2019-11-30,14,103053,4497.0,1480.0,384156.0,0,0
2019-11-30,15,109738,4278.0,1418.0,425616.0,0,0
2019-11-30,16,112039,4118.0,1342.0,369264.0,0,0
2019-11-30,17,107008,3672.0,1271.0,373986.0,0,0
2019-11-30,18,86685,2892.0,939.0,269774.0,0,0
2019-11-30,19,61531,1957.0,666.0,198831.0,0,0
2019-11-30,20,38627,1318.0,533.0,184197.0,0,0
2019-11-30,21,22116,763.0,341.0,125471.0,0,0
2019-11-30,22,13386,536.0,249.0,91865.0,0,0
2019-11-30,23,9411,375.0,159.0,60191.0,0,0
